Timing Analyzer report for mbMotionController
Sat Jan 10 14:52:27 2026
Quartus Prime Version 20.1.1 Build 720 11/11/2020 SJ Lite Edition


---------------------
; Table of Contents ;
---------------------
  1. Legal Notice
  2. Timing Analyzer Summary
  3. Parallel Compilation
  4. Clocks
  5. Slow 1200mV 125C Model Fmax Summary
  6. Timing Closure Recommendations
  7. Slow 1200mV 125C Model Setup Summary
  8. Slow 1200mV 125C Model Hold Summary
  9. Slow 1200mV 125C Model Recovery Summary
 10. Slow 1200mV 125C Model Removal Summary
 11. Slow 1200mV 125C Model Minimum Pulse Width Summary
 12. Slow 1200mV 125C Model Setup: 'clk'
 13. Slow 1200mV 125C Model Hold: 'clk'
 14. Slow 1200mV 125C Model Metastability Summary
 15. Slow 1200mV -40C Model Fmax Summary
 16. Slow 1200mV -40C Model Setup Summary
 17. Slow 1200mV -40C Model Hold Summary
 18. Slow 1200mV -40C Model Recovery Summary
 19. Slow 1200mV -40C Model Removal Summary
 20. Slow 1200mV -40C Model Minimum Pulse Width Summary
 21. Slow 1200mV -40C Model Setup: 'clk'
 22. Slow 1200mV -40C Model Hold: 'clk'
 23. Slow 1200mV -40C Model Metastability Summary
 24. Fast 1200mV -40C Model Setup Summary
 25. Fast 1200mV -40C Model Hold Summary
 26. Fast 1200mV -40C Model Recovery Summary
 27. Fast 1200mV -40C Model Removal Summary
 28. Fast 1200mV -40C Model Minimum Pulse Width Summary
 29. Fast 1200mV -40C Model Setup: 'clk'
 30. Fast 1200mV -40C Model Hold: 'clk'
 31. Fast 1200mV -40C Model Metastability Summary
 32. Multicorner Timing Analysis Summary
 33. Board Trace Model Assignments
 34. Input Transition Times
 35. Signal Integrity Metrics (Slow 1200mv n40c Model)
 36. Signal Integrity Metrics (Slow 1200mv 125c Model)
 37. Signal Integrity Metrics (Fast 1200mv n40c Model)
 38. Setup Transfers
 39. Hold Transfers
 40. Report TCCS
 41. Report RSKM
 42. Unconstrained Paths Summary
 43. Clock Status Summary
 44. Unconstrained Input Ports
 45. Unconstrained Output Ports
 46. Unconstrained Input Ports
 47. Unconstrained Output Ports
 48. Timing Analyzer Messages



----------------
; Legal Notice ;
----------------
Copyright (C) 2020  Intel Corporation. All rights reserved.
Your use of Intel Corporation's design tools, logic functions 
and other software and tools, and any partner logic 
functions, and any output files from any of the foregoing 
(including device programming or simulation files), and any 
associated documentation or information are expressly subject 
to the terms and conditions of the Intel Program License 
Subscription Agreement, the Intel Quartus Prime License Agreement,
the Intel FPGA IP License Agreement, or other applicable license
agreement, including, without limitation, that your use is for
the sole purpose of programming logic devices manufactured by
Intel and sold by Intel or its authorized distributors.  Please
refer to the applicable agreement for further details, at
https://fpgasoftware.intel.com/eula.



+-----------------------------------------------------------------------------+
; Timing Analyzer Summary                                                     ;
+-----------------------+-----------------------------------------------------+
; Quartus Prime Version ; Version 20.1.1 Build 720 11/11/2020 SJ Lite Edition ;
; Timing Analyzer       ; Legacy Timing Analyzer                              ;
; Revision Name         ; mbMotionController                                  ;
; Device Family         ; Cyclone IV E                                        ;
; Device Name           ; EP4CE6E22A7                                         ;
; Timing Models         ; Final                                               ;
; Delay Model           ; Combined                                            ;
; Rise/Fall Delays      ; Enabled                                             ;
+-----------------------+-----------------------------------------------------+


+------------------------------------------+
; Parallel Compilation                     ;
+----------------------------+-------------+
; Processors                 ; Number      ;
+----------------------------+-------------+
; Number detected on machine ; 8           ;
; Maximum allowed            ; 6           ;
;                            ;             ;
; Average used               ; 1.03        ;
; Maximum used               ; 6           ;
;                            ;             ;
; Usage by Processor         ; % Time Used ;
;     Processor 1            ; 100.0%      ;
;     Processors 2-6         ;   0.5%      ;
+----------------------------+-------------+


+---------------------------------------------------------------------------------------------------------------------------------------------------------------------------------+
; Clocks                                                                                                                                                                          ;
+------------+------+--------+------------+-------+-------+------------+-----------+-------------+-------+--------+-----------+------------+----------+--------+--------+---------+
; Clock Name ; Type ; Period ; Frequency  ; Rise  ; Fall  ; Duty Cycle ; Divide by ; Multiply by ; Phase ; Offset ; Edge List ; Edge Shift ; Inverted ; Master ; Source ; Targets ;
+------------+------+--------+------------+-------+-------+------------+-----------+-------------+-------+--------+-----------+------------+----------+--------+--------+---------+
; clk        ; Base ; 1.000  ; 1000.0 MHz ; 0.000 ; 0.500 ;            ;           ;             ;       ;        ;           ;            ;          ;        ;        ; { clk } ;
+------------+------+--------+------------+-------+-------+------------+-----------+-------------+-------+--------+-----------+------------+----------+--------+--------+---------+


+-----------------------------------------------------------------------------------------------------------+
; Slow 1200mV 125C Model Fmax Summary                                                                       ;
+------------+-----------------+------------+---------------------------------------------------------------+
; Fmax       ; Restricted Fmax ; Clock Name ; Note                                                          ;
+------------+-----------------+------------+---------------------------------------------------------------+
; 270.86 MHz ; 250.0 MHz       ; clk        ; limit due to minimum period restriction (max I/O toggle rate) ;
+------------+-----------------+------------+---------------------------------------------------------------+
This panel reports FMAX for every clock in the design, regardless of the user-specified clock periods.  FMAX is only computed for paths where the source and destination registers or ports are driven by the same clock.  Paths of different clocks, including generated clocks, are ignored.  For paths between a clock and its inversion, FMAX is computed as if the rising and falling edges are scaled along with FMAX, such that the duty cycle (in terms of a percentage) is maintained. Altera recommends that you always use clock constraints and other slack reports for sign-off analysis.


----------------------------------
; Timing Closure Recommendations ;
----------------------------------
HTML report is unavailable in plain text report export.


+--------------------------------------+
; Slow 1200mV 125C Model Setup Summary ;
+-------+--------+---------------------+
; Clock ; Slack  ; End Point TNS       ;
+-------+--------+---------------------+
; clk   ; -2.692 ; -59.762             ;
+-------+--------+---------------------+


+-------------------------------------+
; Slow 1200mV 125C Model Hold Summary ;
+-------+-------+---------------------+
; Clock ; Slack ; End Point TNS       ;
+-------+-------+---------------------+
; clk   ; 0.446 ; 0.000               ;
+-------+-------+---------------------+


-------------------------------------------
; Slow 1200mV 125C Model Recovery Summary ;
-------------------------------------------
No paths to report.


------------------------------------------
; Slow 1200mV 125C Model Removal Summary ;
------------------------------------------
No paths to report.


+----------------------------------------------------+
; Slow 1200mV 125C Model Minimum Pulse Width Summary ;
+-------+--------+-----------------------------------+
; Clock ; Slack  ; End Point TNS                     ;
+-------+--------+-----------------------------------+
; clk   ; -3.000 ; -58.019                           ;
+-------+--------+-----------------------------------+


+----------------------------------------------------------------------------------------------------------------+
; Slow 1200mV 125C Model Setup: 'clk'                                                                            ;
+--------+----------------+----------------+--------------+-------------+--------------+------------+------------+
; Slack  ; From Node      ; To Node        ; Launch Clock ; Latch Clock ; Relationship ; Clock Skew ; Data Delay ;
+--------+----------------+----------------+--------------+-------------+--------------+------------+------------+
; -2.692 ; b_sync2        ; count[30]~reg0 ; clk          ; clk         ; 1.000        ; 0.336      ; 4.025      ;
; -2.681 ; b_sync2        ; count[31]~reg0 ; clk          ; clk         ; 1.000        ; 0.336      ; 4.014      ;
; -2.552 ; b_sync2        ; count[28]~reg0 ; clk          ; clk         ; 1.000        ; 0.336      ; 3.885      ;
; -2.541 ; b_sync2        ; count[29]~reg0 ; clk          ; clk         ; 1.000        ; 0.336      ; 3.874      ;
; -2.453 ; count[0]~reg0  ; count[31]~reg0 ; clk          ; clk         ; 1.000        ; 0.335      ; 3.785      ;
; -2.449 ; count[3]~reg0  ; count[30]~reg0 ; clk          ; clk         ; 1.000        ; 0.335      ; 3.781      ;
; -2.446 ; count[1]~reg0  ; count[30]~reg0 ; clk          ; clk         ; 1.000        ; 0.335      ; 3.778      ;
; -2.438 ; count[3]~reg0  ; count[31]~reg0 ; clk          ; clk         ; 1.000        ; 0.335      ; 3.770      ;
; -2.435 ; count[1]~reg0  ; count[31]~reg0 ; clk          ; clk         ; 1.000        ; 0.335      ; 3.767      ;
; -2.412 ; b_sync2        ; count[26]~reg0 ; clk          ; clk         ; 1.000        ; 0.336      ; 3.745      ;
; -2.401 ; b_sync2        ; count[27]~reg0 ; clk          ; clk         ; 1.000        ; 0.336      ; 3.734      ;
; -2.350 ; count[0]~reg0  ; count[30]~reg0 ; clk          ; clk         ; 1.000        ; 0.335      ; 3.682      ;
; -2.314 ; count[2]~reg0  ; count[31]~reg0 ; clk          ; clk         ; 1.000        ; 0.335      ; 3.646      ;
; -2.313 ; count[0]~reg0  ; count[29]~reg0 ; clk          ; clk         ; 1.000        ; 0.335      ; 3.645      ;
; -2.310 ; count[5]~reg0  ; count[30]~reg0 ; clk          ; clk         ; 1.000        ; 0.335      ; 3.642      ;
; -2.309 ; count[3]~reg0  ; count[28]~reg0 ; clk          ; clk         ; 1.000        ; 0.335      ; 3.641      ;
; -2.306 ; count[1]~reg0  ; count[28]~reg0 ; clk          ; clk         ; 1.000        ; 0.335      ; 3.638      ;
; -2.299 ; count[5]~reg0  ; count[31]~reg0 ; clk          ; clk         ; 1.000        ; 0.335      ; 3.631      ;
; -2.298 ; count[3]~reg0  ; count[29]~reg0 ; clk          ; clk         ; 1.000        ; 0.335      ; 3.630      ;
; -2.295 ; count[1]~reg0  ; count[29]~reg0 ; clk          ; clk         ; 1.000        ; 0.335      ; 3.627      ;
; -2.272 ; b_sync2        ; count[24]~reg0 ; clk          ; clk         ; 1.000        ; 0.336      ; 3.605      ;
; -2.261 ; b_sync2        ; count[25]~reg0 ; clk          ; clk         ; 1.000        ; 0.336      ; 3.594      ;
; -2.211 ; count[2]~reg0  ; count[30]~reg0 ; clk          ; clk         ; 1.000        ; 0.335      ; 3.543      ;
; -2.210 ; count[0]~reg0  ; count[28]~reg0 ; clk          ; clk         ; 1.000        ; 0.335      ; 3.542      ;
; -2.190 ; count[6]~reg0  ; count[31]~reg0 ; clk          ; clk         ; 1.000        ; 0.335      ; 3.522      ;
; -2.175 ; count[4]~reg0  ; count[31]~reg0 ; clk          ; clk         ; 1.000        ; 0.335      ; 3.507      ;
; -2.174 ; count[2]~reg0  ; count[29]~reg0 ; clk          ; clk         ; 1.000        ; 0.335      ; 3.506      ;
; -2.173 ; count[0]~reg0  ; count[27]~reg0 ; clk          ; clk         ; 1.000        ; 0.335      ; 3.505      ;
; -2.170 ; count[5]~reg0  ; count[28]~reg0 ; clk          ; clk         ; 1.000        ; 0.335      ; 3.502      ;
; -2.169 ; count[3]~reg0  ; count[26]~reg0 ; clk          ; clk         ; 1.000        ; 0.335      ; 3.501      ;
; -2.166 ; count[1]~reg0  ; count[26]~reg0 ; clk          ; clk         ; 1.000        ; 0.335      ; 3.498      ;
; -2.159 ; count[5]~reg0  ; count[29]~reg0 ; clk          ; clk         ; 1.000        ; 0.335      ; 3.491      ;
; -2.158 ; count[3]~reg0  ; count[27]~reg0 ; clk          ; clk         ; 1.000        ; 0.335      ; 3.490      ;
; -2.155 ; count[1]~reg0  ; count[27]~reg0 ; clk          ; clk         ; 1.000        ; 0.335      ; 3.487      ;
; -2.132 ; b_sync2        ; count[22]~reg0 ; clk          ; clk         ; 1.000        ; 0.336      ; 3.465      ;
; -2.121 ; b_sync2        ; count[23]~reg0 ; clk          ; clk         ; 1.000        ; 0.336      ; 3.454      ;
; -2.079 ; count[6]~reg0  ; count[30]~reg0 ; clk          ; clk         ; 1.000        ; 0.335      ; 3.411      ;
; -2.072 ; count[4]~reg0  ; count[30]~reg0 ; clk          ; clk         ; 1.000        ; 0.335      ; 3.404      ;
; -2.071 ; count[2]~reg0  ; count[28]~reg0 ; clk          ; clk         ; 1.000        ; 0.335      ; 3.403      ;
; -2.070 ; count[0]~reg0  ; count[26]~reg0 ; clk          ; clk         ; 1.000        ; 0.335      ; 3.402      ;
; -2.050 ; count[6]~reg0  ; count[29]~reg0 ; clk          ; clk         ; 1.000        ; 0.335      ; 3.382      ;
; -2.047 ; count[12]~reg0 ; count[31]~reg0 ; clk          ; clk         ; 1.000        ; 0.335      ; 3.379      ;
; -2.038 ; count[9]~reg0  ; count[30]~reg0 ; clk          ; clk         ; 1.000        ; 0.335      ; 3.370      ;
; -2.035 ; count[4]~reg0  ; count[29]~reg0 ; clk          ; clk         ; 1.000        ; 0.335      ; 3.367      ;
; -2.034 ; count[2]~reg0  ; count[27]~reg0 ; clk          ; clk         ; 1.000        ; 0.335      ; 3.366      ;
; -2.033 ; count[0]~reg0  ; count[25]~reg0 ; clk          ; clk         ; 1.000        ; 0.335      ; 3.365      ;
; -2.030 ; count[5]~reg0  ; count[26]~reg0 ; clk          ; clk         ; 1.000        ; 0.335      ; 3.362      ;
; -2.029 ; count[7]~reg0  ; count[30]~reg0 ; clk          ; clk         ; 1.000        ; 0.335      ; 3.361      ;
; -2.029 ; count[3]~reg0  ; count[24]~reg0 ; clk          ; clk         ; 1.000        ; 0.335      ; 3.361      ;
; -2.027 ; count[9]~reg0  ; count[31]~reg0 ; clk          ; clk         ; 1.000        ; 0.335      ; 3.359      ;
; -2.026 ; count[1]~reg0  ; count[24]~reg0 ; clk          ; clk         ; 1.000        ; 0.335      ; 3.358      ;
; -2.019 ; count[5]~reg0  ; count[27]~reg0 ; clk          ; clk         ; 1.000        ; 0.335      ; 3.351      ;
; -2.018 ; count[7]~reg0  ; count[31]~reg0 ; clk          ; clk         ; 1.000        ; 0.335      ; 3.350      ;
; -2.018 ; count[3]~reg0  ; count[25]~reg0 ; clk          ; clk         ; 1.000        ; 0.335      ; 3.350      ;
; -2.015 ; count[1]~reg0  ; count[25]~reg0 ; clk          ; clk         ; 1.000        ; 0.335      ; 3.347      ;
; -1.992 ; b_sync2        ; count[20]~reg0 ; clk          ; clk         ; 1.000        ; 0.336      ; 3.325      ;
; -1.982 ; b_sync2        ; count[14]~reg0 ; clk          ; clk         ; 1.000        ; -0.074     ; 2.905      ;
; -1.981 ; b_sync2        ; count[21]~reg0 ; clk          ; clk         ; 1.000        ; 0.336      ; 3.314      ;
; -1.939 ; count[6]~reg0  ; count[28]~reg0 ; clk          ; clk         ; 1.000        ; 0.335      ; 3.271      ;
; -1.932 ; count[4]~reg0  ; count[28]~reg0 ; clk          ; clk         ; 1.000        ; 0.335      ; 3.264      ;
; -1.931 ; count[2]~reg0  ; count[26]~reg0 ; clk          ; clk         ; 1.000        ; 0.335      ; 3.263      ;
; -1.930 ; count[0]~reg0  ; count[24]~reg0 ; clk          ; clk         ; 1.000        ; 0.335      ; 3.262      ;
; -1.926 ; count[10]~reg0 ; count[31]~reg0 ; clk          ; clk         ; 1.000        ; 0.335      ; 3.258      ;
; -1.910 ; count[6]~reg0  ; count[27]~reg0 ; clk          ; clk         ; 1.000        ; 0.335      ; 3.242      ;
; -1.907 ; count[12]~reg0 ; count[29]~reg0 ; clk          ; clk         ; 1.000        ; 0.335      ; 3.239      ;
; -1.904 ; count[12]~reg0 ; count[30]~reg0 ; clk          ; clk         ; 1.000        ; 0.335      ; 3.236      ;
; -1.898 ; count[9]~reg0  ; count[28]~reg0 ; clk          ; clk         ; 1.000        ; 0.335      ; 3.230      ;
; -1.896 ; count[8]~reg0  ; count[31]~reg0 ; clk          ; clk         ; 1.000        ; 0.335      ; 3.228      ;
; -1.895 ; count[4]~reg0  ; count[27]~reg0 ; clk          ; clk         ; 1.000        ; 0.335      ; 3.227      ;
; -1.894 ; count[2]~reg0  ; count[25]~reg0 ; clk          ; clk         ; 1.000        ; 0.335      ; 3.226      ;
; -1.893 ; count[0]~reg0  ; count[23]~reg0 ; clk          ; clk         ; 1.000        ; 0.335      ; 3.225      ;
; -1.890 ; count[5]~reg0  ; count[24]~reg0 ; clk          ; clk         ; 1.000        ; 0.335      ; 3.222      ;
; -1.889 ; count[7]~reg0  ; count[28]~reg0 ; clk          ; clk         ; 1.000        ; 0.335      ; 3.221      ;
; -1.889 ; count[3]~reg0  ; count[22]~reg0 ; clk          ; clk         ; 1.000        ; 0.335      ; 3.221      ;
; -1.887 ; count[9]~reg0  ; count[29]~reg0 ; clk          ; clk         ; 1.000        ; 0.335      ; 3.219      ;
; -1.886 ; count[1]~reg0  ; count[22]~reg0 ; clk          ; clk         ; 1.000        ; 0.335      ; 3.218      ;
; -1.885 ; count[15]~reg0 ; count[30]~reg0 ; clk          ; clk         ; 1.000        ; -0.090     ; 2.792      ;
; -1.879 ; count[5]~reg0  ; count[25]~reg0 ; clk          ; clk         ; 1.000        ; 0.335      ; 3.211      ;
; -1.878 ; count[7]~reg0  ; count[29]~reg0 ; clk          ; clk         ; 1.000        ; 0.335      ; 3.210      ;
; -1.878 ; count[3]~reg0  ; count[23]~reg0 ; clk          ; clk         ; 1.000        ; 0.335      ; 3.210      ;
; -1.875 ; count[1]~reg0  ; count[23]~reg0 ; clk          ; clk         ; 1.000        ; 0.335      ; 3.207      ;
; -1.874 ; count[15]~reg0 ; count[31]~reg0 ; clk          ; clk         ; 1.000        ; -0.090     ; 2.781      ;
; -1.852 ; b_sync2        ; count[18]~reg0 ; clk          ; clk         ; 1.000        ; 0.336      ; 3.185      ;
; -1.842 ; b_sync2        ; count[12]~reg0 ; clk          ; clk         ; 1.000        ; -0.074     ; 2.765      ;
; -1.841 ; b_sync2        ; count[19]~reg0 ; clk          ; clk         ; 1.000        ; 0.336      ; 3.174      ;
; -1.831 ; b_sync2        ; count[13]~reg0 ; clk          ; clk         ; 1.000        ; -0.074     ; 2.754      ;
; -1.799 ; count[6]~reg0  ; count[26]~reg0 ; clk          ; clk         ; 1.000        ; 0.335      ; 3.131      ;
; -1.795 ; count[10]~reg0 ; count[30]~reg0 ; clk          ; clk         ; 1.000        ; 0.335      ; 3.127      ;
; -1.793 ; count[8]~reg0  ; count[30]~reg0 ; clk          ; clk         ; 1.000        ; 0.335      ; 3.125      ;
; -1.792 ; count[4]~reg0  ; count[26]~reg0 ; clk          ; clk         ; 1.000        ; 0.335      ; 3.124      ;
; -1.791 ; count[2]~reg0  ; count[24]~reg0 ; clk          ; clk         ; 1.000        ; 0.335      ; 3.123      ;
; -1.790 ; count[0]~reg0  ; count[22]~reg0 ; clk          ; clk         ; 1.000        ; 0.335      ; 3.122      ;
; -1.786 ; count[10]~reg0 ; count[29]~reg0 ; clk          ; clk         ; 1.000        ; 0.335      ; 3.118      ;
; -1.770 ; count[6]~reg0  ; count[25]~reg0 ; clk          ; clk         ; 1.000        ; 0.335      ; 3.102      ;
; -1.767 ; count[12]~reg0 ; count[27]~reg0 ; clk          ; clk         ; 1.000        ; 0.335      ; 3.099      ;
; -1.764 ; count[12]~reg0 ; count[28]~reg0 ; clk          ; clk         ; 1.000        ; 0.335      ; 3.096      ;
; -1.761 ; count[16]~reg0 ; count[31]~reg0 ; clk          ; clk         ; 1.000        ; -0.092     ; 2.666      ;
; -1.758 ; count[9]~reg0  ; count[26]~reg0 ; clk          ; clk         ; 1.000        ; 0.335      ; 3.090      ;
; -1.756 ; count[8]~reg0  ; count[29]~reg0 ; clk          ; clk         ; 1.000        ; 0.335      ; 3.088      ;
; -1.755 ; count[4]~reg0  ; count[25]~reg0 ; clk          ; clk         ; 1.000        ; 0.335      ; 3.087      ;
+--------+----------------+----------------+--------------+-------------+--------------+------------+------------+


+---------------------------------------------------------------------------------------------------------------+
; Slow 1200mV 125C Model Hold: 'clk'                                                                            ;
+-------+----------------+----------------+--------------+-------------+--------------+------------+------------+
; Slack ; From Node      ; To Node        ; Launch Clock ; Latch Clock ; Relationship ; Clock Skew ; Data Delay ;
+-------+----------------+----------------+--------------+-------------+--------------+------------+------------+
; 0.446 ; a_sync1        ; a_sync2        ; clk          ; clk         ; 0.000        ; 0.075      ; 0.710      ;
; 0.622 ; b_sync1        ; b_sync2        ; clk          ; clk         ; 0.000        ; 0.074      ; 0.885      ;
; 0.661 ; count[16]~reg0 ; count[16]~reg0 ; clk          ; clk         ; 0.000        ; 0.092      ; 0.942      ;
; 0.662 ; count[18]~reg0 ; count[18]~reg0 ; clk          ; clk         ; 0.000        ; 0.092      ; 0.943      ;
; 0.662 ; count[15]~reg0 ; count[15]~reg0 ; clk          ; clk         ; 0.000        ; 0.092      ; 0.943      ;
; 0.663 ; count[30]~reg0 ; count[30]~reg0 ; clk          ; clk         ; 0.000        ; 0.092      ; 0.944      ;
; 0.663 ; count[27]~reg0 ; count[27]~reg0 ; clk          ; clk         ; 0.000        ; 0.092      ; 0.944      ;
; 0.663 ; count[22]~reg0 ; count[22]~reg0 ; clk          ; clk         ; 0.000        ; 0.092      ; 0.944      ;
; 0.663 ; count[20]~reg0 ; count[20]~reg0 ; clk          ; clk         ; 0.000        ; 0.092      ; 0.944      ;
; 0.663 ; count[19]~reg0 ; count[19]~reg0 ; clk          ; clk         ; 0.000        ; 0.092      ; 0.944      ;
; 0.664 ; count[21]~reg0 ; count[21]~reg0 ; clk          ; clk         ; 0.000        ; 0.092      ; 0.945      ;
; 0.665 ; count[31]~reg0 ; count[31]~reg0 ; clk          ; clk         ; 0.000        ; 0.092      ; 0.946      ;
; 0.665 ; count[17]~reg0 ; count[17]~reg0 ; clk          ; clk         ; 0.000        ; 0.092      ; 0.946      ;
; 0.667 ; count[23]~reg0 ; count[23]~reg0 ; clk          ; clk         ; 0.000        ; 0.092      ; 0.948      ;
; 0.679 ; count[13]~reg0 ; count[13]~reg0 ; clk          ; clk         ; 0.000        ; 0.075      ; 0.943      ;
; 0.679 ; count[11]~reg0 ; count[11]~reg0 ; clk          ; clk         ; 0.000        ; 0.075      ; 0.943      ;
; 0.679 ; count[4]~reg0  ; count[4]~reg0  ; clk          ; clk         ; 0.000        ; 0.075      ; 0.943      ;
; 0.679 ; count[2]~reg0  ; count[2]~reg0  ; clk          ; clk         ; 0.000        ; 0.075      ; 0.943      ;
; 0.681 ; count[8]~reg0  ; count[8]~reg0  ; clk          ; clk         ; 0.000        ; 0.075      ; 0.945      ;
; 0.681 ; count[1]~reg0  ; count[1]~reg0  ; clk          ; clk         ; 0.000        ; 0.075      ; 0.945      ;
; 0.684 ; count[7]~reg0  ; count[7]~reg0  ; clk          ; clk         ; 0.000        ; 0.075      ; 0.948      ;
; 0.707 ; count[0]~reg0  ; count[0]~reg0  ; clk          ; clk         ; 0.000        ; 0.075      ; 0.971      ;
; 0.712 ; count[13]~reg0 ; count[16]~reg0 ; clk          ; clk         ; 0.000        ; 0.502      ; 1.403      ;
; 0.713 ; count[13]~reg0 ; count[15]~reg0 ; clk          ; clk         ; 0.000        ; 0.500      ; 1.402      ;
; 0.749 ; count[14]~reg0 ; count[16]~reg0 ; clk          ; clk         ; 0.000        ; 0.502      ; 1.440      ;
; 0.750 ; count[14]~reg0 ; count[15]~reg0 ; clk          ; clk         ; 0.000        ; 0.500      ; 1.439      ;
; 0.772 ; b_sync2        ; count[15]~reg0 ; clk          ; clk         ; 0.000        ; 0.500      ; 1.461      ;
; 0.811 ; a_sync2        ; a_prev         ; clk          ; clk         ; 0.000        ; 0.075      ; 1.075      ;
; 0.812 ; count[25]~reg0 ; count[25]~reg0 ; clk          ; clk         ; 0.000        ; 0.092      ; 1.093      ;
; 0.814 ; count[29]~reg0 ; count[29]~reg0 ; clk          ; clk         ; 0.000        ; 0.092      ; 1.095      ;
; 0.829 ; count[6]~reg0  ; count[6]~reg0  ; clk          ; clk         ; 0.000        ; 0.075      ; 1.093      ;
; 0.831 ; count[14]~reg0 ; count[14]~reg0 ; clk          ; clk         ; 0.000        ; 0.075      ; 1.095      ;
; 0.832 ; count[26]~reg0 ; count[26]~reg0 ; clk          ; clk         ; 0.000        ; 0.092      ; 1.113      ;
; 0.836 ; count[28]~reg0 ; count[28]~reg0 ; clk          ; clk         ; 0.000        ; 0.092      ; 1.117      ;
; 0.843 ; b_sync2        ; count[16]~reg0 ; clk          ; clk         ; 0.000        ; 0.502      ; 1.534      ;
; 0.844 ; b_sync2        ; count[18]~reg0 ; clk          ; clk         ; 0.000        ; 0.502      ; 1.535      ;
; 0.845 ; b_sync2        ; count[20]~reg0 ; clk          ; clk         ; 0.000        ; 0.502      ; 1.536      ;
; 0.845 ; b_sync2        ; count[17]~reg0 ; clk          ; clk         ; 0.000        ; 0.502      ; 1.536      ;
; 0.845 ; count[13]~reg0 ; count[17]~reg0 ; clk          ; clk         ; 0.000        ; 0.502      ; 1.536      ;
; 0.846 ; count[9]~reg0  ; count[9]~reg0  ; clk          ; clk         ; 0.000        ; 0.075      ; 1.110      ;
; 0.846 ; count[13]~reg0 ; count[18]~reg0 ; clk          ; clk         ; 0.000        ; 0.502      ; 1.537      ;
; 0.846 ; count[11]~reg0 ; count[16]~reg0 ; clk          ; clk         ; 0.000        ; 0.502      ; 1.537      ;
; 0.847 ; count[10]~reg0 ; count[10]~reg0 ; clk          ; clk         ; 0.000        ; 0.075      ; 1.111      ;
; 0.847 ; b_sync2        ; count[23]~reg0 ; clk          ; clk         ; 0.000        ; 0.502      ; 1.538      ;
; 0.847 ; count[11]~reg0 ; count[15]~reg0 ; clk          ; clk         ; 0.000        ; 0.500      ; 1.536      ;
; 0.850 ; b_sync2        ; count[30]~reg0 ; clk          ; clk         ; 0.000        ; 0.502      ; 1.541      ;
; 0.851 ; b_sync2        ; count[29]~reg0 ; clk          ; clk         ; 0.000        ; 0.502      ; 1.542      ;
; 0.853 ; count[5]~reg0  ; count[5]~reg0  ; clk          ; clk         ; 0.000        ; 0.075      ; 1.117      ;
; 0.853 ; count[3]~reg0  ; count[3]~reg0  ; clk          ; clk         ; 0.000        ; 0.075      ; 1.117      ;
; 0.864 ; b_sync2        ; count[31]~reg0 ; clk          ; clk         ; 0.000        ; 0.502      ; 1.555      ;
; 0.882 ; count[14]~reg0 ; count[17]~reg0 ; clk          ; clk         ; 0.000        ; 0.502      ; 1.573      ;
; 0.883 ; count[14]~reg0 ; count[18]~reg0 ; clk          ; clk         ; 0.000        ; 0.502      ; 1.574      ;
; 0.920 ; b_sync2        ; count[4]~reg0  ; clk          ; clk         ; 0.000        ; 0.075      ; 1.184      ;
; 0.920 ; b_sync2        ; count[6]~reg0  ; clk          ; clk         ; 0.000        ; 0.075      ; 1.184      ;
; 0.921 ; b_sync2        ; count[2]~reg0  ; clk          ; clk         ; 0.000        ; 0.075      ; 1.185      ;
; 0.921 ; b_sync2        ; count[8]~reg0  ; clk          ; clk         ; 0.000        ; 0.075      ; 1.185      ;
; 0.921 ; b_sync2        ; count[5]~reg0  ; clk          ; clk         ; 0.000        ; 0.075      ; 1.185      ;
; 0.921 ; b_sync2        ; count[3]~reg0  ; clk          ; clk         ; 0.000        ; 0.075      ; 1.185      ;
; 0.922 ; b_sync2        ; count[7]~reg0  ; clk          ; clk         ; 0.000        ; 0.075      ; 1.186      ;
; 0.923 ; b_sync2        ; count[1]~reg0  ; clk          ; clk         ; 0.000        ; 0.075      ; 1.187      ;
; 0.979 ; count[13]~reg0 ; count[19]~reg0 ; clk          ; clk         ; 0.000        ; 0.502      ; 1.670      ;
; 0.979 ; count[11]~reg0 ; count[17]~reg0 ; clk          ; clk         ; 0.000        ; 0.502      ; 1.670      ;
; 0.980 ; count[13]~reg0 ; count[20]~reg0 ; clk          ; clk         ; 0.000        ; 0.502      ; 1.671      ;
; 0.980 ; count[11]~reg0 ; count[18]~reg0 ; clk          ; clk         ; 0.000        ; 0.502      ; 1.671      ;
; 0.986 ; count[15]~reg0 ; count[16]~reg0 ; clk          ; clk         ; 0.000        ; 0.094      ; 1.269      ;
; 0.989 ; count[27]~reg0 ; count[28]~reg0 ; clk          ; clk         ; 0.000        ; 0.092      ; 1.270      ;
; 0.989 ; count[19]~reg0 ; count[20]~reg0 ; clk          ; clk         ; 0.000        ; 0.092      ; 1.270      ;
; 0.990 ; count[21]~reg0 ; count[22]~reg0 ; clk          ; clk         ; 0.000        ; 0.092      ; 1.271      ;
; 0.990 ; count[17]~reg0 ; count[18]~reg0 ; clk          ; clk         ; 0.000        ; 0.092      ; 1.271      ;
; 0.992 ; count[23]~reg0 ; count[24]~reg0 ; clk          ; clk         ; 0.000        ; 0.092      ; 1.273      ;
; 1.005 ; count[11]~reg0 ; count[12]~reg0 ; clk          ; clk         ; 0.000        ; 0.075      ; 1.269      ;
; 1.005 ; count[13]~reg0 ; count[14]~reg0 ; clk          ; clk         ; 0.000        ; 0.075      ; 1.269      ;
; 1.006 ; count[1]~reg0  ; count[2]~reg0  ; clk          ; clk         ; 0.000        ; 0.075      ; 1.270      ;
; 1.007 ; count[22]~reg0 ; count[23]~reg0 ; clk          ; clk         ; 0.000        ; 0.092      ; 1.288      ;
; 1.007 ; count[8]~reg0  ; count[16]~reg0 ; clk          ; clk         ; 0.000        ; 0.502      ; 1.698      ;
; 1.008 ; count[8]~reg0  ; count[15]~reg0 ; clk          ; clk         ; 0.000        ; 0.500      ; 1.697      ;
; 1.008 ; count[22]~reg0 ; count[24]~reg0 ; clk          ; clk         ; 0.000        ; 0.092      ; 1.289      ;
; 1.009 ; count[7]~reg0  ; count[8]~reg0  ; clk          ; clk         ; 0.000        ; 0.075      ; 1.273      ;
; 1.011 ; count[16]~reg0 ; count[17]~reg0 ; clk          ; clk         ; 0.000        ; 0.092      ; 1.292      ;
; 1.012 ; count[16]~reg0 ; count[18]~reg0 ; clk          ; clk         ; 0.000        ; 0.092      ; 1.293      ;
; 1.012 ; count[18]~reg0 ; count[19]~reg0 ; clk          ; clk         ; 0.000        ; 0.092      ; 1.293      ;
; 1.013 ; count[20]~reg0 ; count[21]~reg0 ; clk          ; clk         ; 0.000        ; 0.092      ; 1.294      ;
; 1.013 ; count[30]~reg0 ; count[31]~reg0 ; clk          ; clk         ; 0.000        ; 0.092      ; 1.294      ;
; 1.013 ; count[18]~reg0 ; count[20]~reg0 ; clk          ; clk         ; 0.000        ; 0.092      ; 1.294      ;
; 1.014 ; count[20]~reg0 ; count[22]~reg0 ; clk          ; clk         ; 0.000        ; 0.092      ; 1.295      ;
; 1.016 ; count[14]~reg0 ; count[19]~reg0 ; clk          ; clk         ; 0.000        ; 0.502      ; 1.707      ;
; 1.017 ; count[14]~reg0 ; count[20]~reg0 ; clk          ; clk         ; 0.000        ; 0.502      ; 1.708      ;
; 1.028 ; count[0]~reg0  ; count[1]~reg0  ; clk          ; clk         ; 0.000        ; 0.075      ; 1.292      ;
; 1.029 ; count[4]~reg0  ; count[5]~reg0  ; clk          ; clk         ; 0.000        ; 0.075      ; 1.293      ;
; 1.029 ; count[2]~reg0  ; count[3]~reg0  ; clk          ; clk         ; 0.000        ; 0.075      ; 1.293      ;
; 1.029 ; count[0]~reg0  ; count[2]~reg0  ; clk          ; clk         ; 0.000        ; 0.075      ; 1.293      ;
; 1.030 ; count[2]~reg0  ; count[4]~reg0  ; clk          ; clk         ; 0.000        ; 0.075      ; 1.294      ;
; 1.030 ; count[4]~reg0  ; count[6]~reg0  ; clk          ; clk         ; 0.000        ; 0.075      ; 1.294      ;
; 1.031 ; count[8]~reg0  ; count[9]~reg0  ; clk          ; clk         ; 0.000        ; 0.075      ; 1.295      ;
; 1.032 ; count[8]~reg0  ; count[10]~reg0 ; clk          ; clk         ; 0.000        ; 0.075      ; 1.296      ;
; 1.033 ; count[10]~reg0 ; count[16]~reg0 ; clk          ; clk         ; 0.000        ; 0.502      ; 1.724      ;
; 1.034 ; count[10]~reg0 ; count[15]~reg0 ; clk          ; clk         ; 0.000        ; 0.500      ; 1.723      ;
; 1.051 ; count[24]~reg0 ; count[24]~reg0 ; clk          ; clk         ; 0.000        ; 0.092      ; 1.332      ;
; 1.098 ; count[12]~reg0 ; count[12]~reg0 ; clk          ; clk         ; 0.000        ; 0.075      ; 1.362      ;
; 1.100 ; b_sync2        ; count[28]~reg0 ; clk          ; clk         ; 0.000        ; 0.502      ; 1.791      ;
+-------+----------------+----------------+--------------+-------------+--------------+------------+------------+


------------------------------------------------
; Slow 1200mV 125C Model Metastability Summary ;
------------------------------------------------
Design MTBF is not calculated because the design doesn't meet its timing requirements.



+----------------------------------------------------------------------------------------------------------+
; Slow 1200mV -40C Model Fmax Summary                                                                      ;
+-----------+-----------------+------------+---------------------------------------------------------------+
; Fmax      ; Restricted Fmax ; Clock Name ; Note                                                          ;
+-----------+-----------------+------------+---------------------------------------------------------------+
; 341.3 MHz ; 250.0 MHz       ; clk        ; limit due to minimum period restriction (max I/O toggle rate) ;
+-----------+-----------------+------------+---------------------------------------------------------------+
This panel reports FMAX for every clock in the design, regardless of the user-specified clock periods.  FMAX is only computed for paths where the source and destination registers or ports are driven by the same clock.  Paths of different clocks, including generated clocks, are ignored.  For paths between a clock and its inversion, FMAX is computed as if the rising and falling edges are scaled along with FMAX, such that the duty cycle (in terms of a percentage) is maintained. Altera recommends that you always use clock constraints and other slack reports for sign-off analysis.


+--------------------------------------+
; Slow 1200mV -40C Model Setup Summary ;
+-------+--------+---------------------+
; Clock ; Slack  ; End Point TNS       ;
+-------+--------+---------------------+
; clk   ; -1.930 ; -42.515             ;
+-------+--------+---------------------+


+-------------------------------------+
; Slow 1200mV -40C Model Hold Summary ;
+-------+-------+---------------------+
; Clock ; Slack ; End Point TNS       ;
+-------+-------+---------------------+
; clk   ; 0.397 ; 0.000               ;
+-------+-------+---------------------+


-------------------------------------------
; Slow 1200mV -40C Model Recovery Summary ;
-------------------------------------------
No paths to report.


------------------------------------------
; Slow 1200mV -40C Model Removal Summary ;
------------------------------------------
No paths to report.


+----------------------------------------------------+
; Slow 1200mV -40C Model Minimum Pulse Width Summary ;
+-------+--------+-----------------------------------+
; Clock ; Slack  ; End Point TNS                     ;
+-------+--------+-----------------------------------+
; clk   ; -3.000 ; -50.545                           ;
+-------+--------+-----------------------------------+


+----------------------------------------------------------------------------------------------------------------+
; Slow 1200mV -40C Model Setup: 'clk'                                                                            ;
+--------+----------------+----------------+--------------+-------------+--------------+------------+------------+
; Slack  ; From Node      ; To Node        ; Launch Clock ; Latch Clock ; Relationship ; Clock Skew ; Data Delay ;
+--------+----------------+----------------+--------------+-------------+--------------+------------+------------+
; -1.930 ; b_sync2        ; count[30]~reg0 ; clk          ; clk         ; 1.000        ; 0.311      ; 3.241      ;
; -1.897 ; b_sync2        ; count[31]~reg0 ; clk          ; clk         ; 1.000        ; 0.311      ; 3.208      ;
; -1.822 ; b_sync2        ; count[28]~reg0 ; clk          ; clk         ; 1.000        ; 0.311      ; 3.133      ;
; -1.789 ; b_sync2        ; count[29]~reg0 ; clk          ; clk         ; 1.000        ; 0.311      ; 3.100      ;
; -1.742 ; count[0]~reg0  ; count[31]~reg0 ; clk          ; clk         ; 1.000        ; 0.311      ; 3.053      ;
; -1.728 ; count[3]~reg0  ; count[30]~reg0 ; clk          ; clk         ; 1.000        ; 0.311      ; 3.039      ;
; -1.715 ; count[1]~reg0  ; count[30]~reg0 ; clk          ; clk         ; 1.000        ; 0.311      ; 3.026      ;
; -1.714 ; b_sync2        ; count[26]~reg0 ; clk          ; clk         ; 1.000        ; 0.311      ; 3.025      ;
; -1.695 ; count[3]~reg0  ; count[31]~reg0 ; clk          ; clk         ; 1.000        ; 0.311      ; 3.006      ;
; -1.682 ; count[1]~reg0  ; count[31]~reg0 ; clk          ; clk         ; 1.000        ; 0.311      ; 2.993      ;
; -1.681 ; b_sync2        ; count[27]~reg0 ; clk          ; clk         ; 1.000        ; 0.311      ; 2.992      ;
; -1.637 ; count[0]~reg0  ; count[30]~reg0 ; clk          ; clk         ; 1.000        ; 0.311      ; 2.948      ;
; -1.635 ; count[2]~reg0  ; count[31]~reg0 ; clk          ; clk         ; 1.000        ; 0.311      ; 2.946      ;
; -1.634 ; count[0]~reg0  ; count[29]~reg0 ; clk          ; clk         ; 1.000        ; 0.311      ; 2.945      ;
; -1.621 ; count[5]~reg0  ; count[30]~reg0 ; clk          ; clk         ; 1.000        ; 0.311      ; 2.932      ;
; -1.620 ; count[3]~reg0  ; count[28]~reg0 ; clk          ; clk         ; 1.000        ; 0.311      ; 2.931      ;
; -1.607 ; count[1]~reg0  ; count[28]~reg0 ; clk          ; clk         ; 1.000        ; 0.311      ; 2.918      ;
; -1.606 ; b_sync2        ; count[24]~reg0 ; clk          ; clk         ; 1.000        ; 0.311      ; 2.917      ;
; -1.588 ; count[5]~reg0  ; count[31]~reg0 ; clk          ; clk         ; 1.000        ; 0.311      ; 2.899      ;
; -1.587 ; count[3]~reg0  ; count[29]~reg0 ; clk          ; clk         ; 1.000        ; 0.311      ; 2.898      ;
; -1.574 ; count[1]~reg0  ; count[29]~reg0 ; clk          ; clk         ; 1.000        ; 0.311      ; 2.885      ;
; -1.573 ; b_sync2        ; count[25]~reg0 ; clk          ; clk         ; 1.000        ; 0.311      ; 2.884      ;
; -1.572 ; count[6]~reg0  ; count[31]~reg0 ; clk          ; clk         ; 1.000        ; 0.311      ; 2.883      ;
; -1.530 ; count[2]~reg0  ; count[30]~reg0 ; clk          ; clk         ; 1.000        ; 0.311      ; 2.841      ;
; -1.529 ; count[0]~reg0  ; count[28]~reg0 ; clk          ; clk         ; 1.000        ; 0.311      ; 2.840      ;
; -1.527 ; count[4]~reg0  ; count[31]~reg0 ; clk          ; clk         ; 1.000        ; 0.311      ; 2.838      ;
; -1.527 ; count[2]~reg0  ; count[29]~reg0 ; clk          ; clk         ; 1.000        ; 0.311      ; 2.838      ;
; -1.526 ; count[0]~reg0  ; count[27]~reg0 ; clk          ; clk         ; 1.000        ; 0.311      ; 2.837      ;
; -1.513 ; count[5]~reg0  ; count[28]~reg0 ; clk          ; clk         ; 1.000        ; 0.311      ; 2.824      ;
; -1.512 ; count[3]~reg0  ; count[26]~reg0 ; clk          ; clk         ; 1.000        ; 0.311      ; 2.823      ;
; -1.510 ; count[12]~reg0 ; count[31]~reg0 ; clk          ; clk         ; 1.000        ; 0.311      ; 2.821      ;
; -1.499 ; count[1]~reg0  ; count[26]~reg0 ; clk          ; clk         ; 1.000        ; 0.311      ; 2.810      ;
; -1.498 ; b_sync2        ; count[22]~reg0 ; clk          ; clk         ; 1.000        ; 0.311      ; 2.809      ;
; -1.480 ; count[5]~reg0  ; count[29]~reg0 ; clk          ; clk         ; 1.000        ; 0.311      ; 2.791      ;
; -1.479 ; count[3]~reg0  ; count[27]~reg0 ; clk          ; clk         ; 1.000        ; 0.311      ; 2.790      ;
; -1.466 ; count[1]~reg0  ; count[27]~reg0 ; clk          ; clk         ; 1.000        ; 0.311      ; 2.777      ;
; -1.465 ; b_sync2        ; count[23]~reg0 ; clk          ; clk         ; 1.000        ; 0.311      ; 2.776      ;
; -1.464 ; count[6]~reg0  ; count[29]~reg0 ; clk          ; clk         ; 1.000        ; 0.311      ; 2.775      ;
; -1.439 ; b_sync2        ; count[14]~reg0 ; clk          ; clk         ; 1.000        ; -0.062     ; 2.377      ;
; -1.435 ; count[6]~reg0  ; count[30]~reg0 ; clk          ; clk         ; 1.000        ; 0.311      ; 2.746      ;
; -1.423 ; count[4]~reg0  ; count[30]~reg0 ; clk          ; clk         ; 1.000        ; 0.311      ; 2.734      ;
; -1.422 ; count[2]~reg0  ; count[28]~reg0 ; clk          ; clk         ; 1.000        ; 0.311      ; 2.733      ;
; -1.421 ; count[0]~reg0  ; count[26]~reg0 ; clk          ; clk         ; 1.000        ; 0.311      ; 2.732      ;
; -1.419 ; count[4]~reg0  ; count[29]~reg0 ; clk          ; clk         ; 1.000        ; 0.311      ; 2.730      ;
; -1.419 ; count[2]~reg0  ; count[27]~reg0 ; clk          ; clk         ; 1.000        ; 0.311      ; 2.730      ;
; -1.418 ; count[0]~reg0  ; count[25]~reg0 ; clk          ; clk         ; 1.000        ; 0.311      ; 2.729      ;
; -1.411 ; count[9]~reg0  ; count[30]~reg0 ; clk          ; clk         ; 1.000        ; 0.311      ; 2.722      ;
; -1.405 ; count[5]~reg0  ; count[26]~reg0 ; clk          ; clk         ; 1.000        ; 0.311      ; 2.716      ;
; -1.404 ; count[3]~reg0  ; count[24]~reg0 ; clk          ; clk         ; 1.000        ; 0.311      ; 2.715      ;
; -1.402 ; count[12]~reg0 ; count[29]~reg0 ; clk          ; clk         ; 1.000        ; 0.311      ; 2.713      ;
; -1.391 ; count[7]~reg0  ; count[30]~reg0 ; clk          ; clk         ; 1.000        ; 0.311      ; 2.702      ;
; -1.391 ; count[1]~reg0  ; count[24]~reg0 ; clk          ; clk         ; 1.000        ; 0.311      ; 2.702      ;
; -1.390 ; b_sync2        ; count[20]~reg0 ; clk          ; clk         ; 1.000        ; 0.311      ; 2.701      ;
; -1.378 ; count[9]~reg0  ; count[31]~reg0 ; clk          ; clk         ; 1.000        ; 0.311      ; 2.689      ;
; -1.372 ; count[5]~reg0  ; count[27]~reg0 ; clk          ; clk         ; 1.000        ; 0.311      ; 2.683      ;
; -1.371 ; count[3]~reg0  ; count[25]~reg0 ; clk          ; clk         ; 1.000        ; 0.311      ; 2.682      ;
; -1.369 ; count[12]~reg0 ; count[30]~reg0 ; clk          ; clk         ; 1.000        ; 0.311      ; 2.680      ;
; -1.366 ; count[10]~reg0 ; count[31]~reg0 ; clk          ; clk         ; 1.000        ; 0.311      ; 2.677      ;
; -1.358 ; count[7]~reg0  ; count[31]~reg0 ; clk          ; clk         ; 1.000        ; 0.311      ; 2.669      ;
; -1.358 ; count[1]~reg0  ; count[25]~reg0 ; clk          ; clk         ; 1.000        ; 0.311      ; 2.669      ;
; -1.357 ; b_sync2        ; count[21]~reg0 ; clk          ; clk         ; 1.000        ; 0.311      ; 2.668      ;
; -1.356 ; count[6]~reg0  ; count[27]~reg0 ; clk          ; clk         ; 1.000        ; 0.311      ; 2.667      ;
; -1.342 ; count[15]~reg0 ; count[30]~reg0 ; clk          ; clk         ; 1.000        ; -0.074     ; 2.268      ;
; -1.331 ; b_sync2        ; count[12]~reg0 ; clk          ; clk         ; 1.000        ; -0.062     ; 2.269      ;
; -1.327 ; count[6]~reg0  ; count[28]~reg0 ; clk          ; clk         ; 1.000        ; 0.311      ; 2.638      ;
; -1.315 ; count[4]~reg0  ; count[28]~reg0 ; clk          ; clk         ; 1.000        ; 0.311      ; 2.626      ;
; -1.314 ; count[2]~reg0  ; count[26]~reg0 ; clk          ; clk         ; 1.000        ; 0.311      ; 2.625      ;
; -1.313 ; count[0]~reg0  ; count[24]~reg0 ; clk          ; clk         ; 1.000        ; 0.311      ; 2.624      ;
; -1.312 ; count[8]~reg0  ; count[31]~reg0 ; clk          ; clk         ; 1.000        ; 0.311      ; 2.623      ;
; -1.311 ; count[4]~reg0  ; count[27]~reg0 ; clk          ; clk         ; 1.000        ; 0.311      ; 2.622      ;
; -1.311 ; count[2]~reg0  ; count[25]~reg0 ; clk          ; clk         ; 1.000        ; 0.311      ; 2.622      ;
; -1.310 ; count[0]~reg0  ; count[23]~reg0 ; clk          ; clk         ; 1.000        ; 0.311      ; 2.621      ;
; -1.309 ; count[15]~reg0 ; count[31]~reg0 ; clk          ; clk         ; 1.000        ; -0.074     ; 2.235      ;
; -1.303 ; count[9]~reg0  ; count[28]~reg0 ; clk          ; clk         ; 1.000        ; 0.311      ; 2.614      ;
; -1.298 ; b_sync2        ; count[13]~reg0 ; clk          ; clk         ; 1.000        ; -0.062     ; 2.236      ;
; -1.297 ; count[5]~reg0  ; count[24]~reg0 ; clk          ; clk         ; 1.000        ; 0.311      ; 2.608      ;
; -1.296 ; count[3]~reg0  ; count[22]~reg0 ; clk          ; clk         ; 1.000        ; 0.311      ; 2.607      ;
; -1.294 ; count[12]~reg0 ; count[27]~reg0 ; clk          ; clk         ; 1.000        ; 0.311      ; 2.605      ;
; -1.283 ; count[7]~reg0  ; count[28]~reg0 ; clk          ; clk         ; 1.000        ; 0.311      ; 2.594      ;
; -1.283 ; count[1]~reg0  ; count[22]~reg0 ; clk          ; clk         ; 1.000        ; 0.311      ; 2.594      ;
; -1.282 ; b_sync2        ; count[18]~reg0 ; clk          ; clk         ; 1.000        ; 0.311      ; 2.593      ;
; -1.270 ; count[9]~reg0  ; count[29]~reg0 ; clk          ; clk         ; 1.000        ; 0.311      ; 2.581      ;
; -1.266 ; count[16]~reg0 ; count[31]~reg0 ; clk          ; clk         ; 1.000        ; -0.077     ; 2.189      ;
; -1.264 ; count[5]~reg0  ; count[25]~reg0 ; clk          ; clk         ; 1.000        ; 0.311      ; 2.575      ;
; -1.263 ; count[3]~reg0  ; count[23]~reg0 ; clk          ; clk         ; 1.000        ; 0.311      ; 2.574      ;
; -1.261 ; count[12]~reg0 ; count[28]~reg0 ; clk          ; clk         ; 1.000        ; 0.311      ; 2.572      ;
; -1.258 ; count[10]~reg0 ; count[29]~reg0 ; clk          ; clk         ; 1.000        ; 0.311      ; 2.569      ;
; -1.250 ; count[7]~reg0  ; count[29]~reg0 ; clk          ; clk         ; 1.000        ; 0.311      ; 2.561      ;
; -1.250 ; count[1]~reg0  ; count[23]~reg0 ; clk          ; clk         ; 1.000        ; 0.311      ; 2.561      ;
; -1.249 ; b_sync2        ; count[19]~reg0 ; clk          ; clk         ; 1.000        ; 0.311      ; 2.560      ;
; -1.248 ; count[6]~reg0  ; count[25]~reg0 ; clk          ; clk         ; 1.000        ; 0.311      ; 2.559      ;
; -1.239 ; count[17]~reg0 ; count[30]~reg0 ; clk          ; clk         ; 1.000        ; -0.077     ; 2.162      ;
; -1.237 ; count[3]~reg0  ; count[14]~reg0 ; clk          ; clk         ; 1.000        ; -0.062     ; 2.175      ;
; -1.234 ; count[15]~reg0 ; count[28]~reg0 ; clk          ; clk         ; 1.000        ; -0.074     ; 2.160      ;
; -1.226 ; count[10]~reg0 ; count[30]~reg0 ; clk          ; clk         ; 1.000        ; 0.311      ; 2.537      ;
; -1.224 ; count[1]~reg0  ; count[14]~reg0 ; clk          ; clk         ; 1.000        ; -0.062     ; 2.162      ;
; -1.223 ; b_sync2        ; count[10]~reg0 ; clk          ; clk         ; 1.000        ; -0.062     ; 2.161      ;
; -1.219 ; count[6]~reg0  ; count[26]~reg0 ; clk          ; clk         ; 1.000        ; 0.311      ; 2.530      ;
; -1.216 ; count[24]~reg0 ; count[31]~reg0 ; clk          ; clk         ; 1.000        ; -0.077     ; 2.139      ;
; -1.207 ; count[4]~reg0  ; count[26]~reg0 ; clk          ; clk         ; 1.000        ; 0.311      ; 2.518      ;
+--------+----------------+----------------+--------------+-------------+--------------+------------+------------+


+---------------------------------------------------------------------------------------------------------------+
; Slow 1200mV -40C Model Hold: 'clk'                                                                            ;
+-------+----------------+----------------+--------------+-------------+--------------+------------+------------+
; Slack ; From Node      ; To Node        ; Launch Clock ; Latch Clock ; Relationship ; Clock Skew ; Data Delay ;
+-------+----------------+----------------+--------------+-------------+--------------+------------+------------+
; 0.397 ; a_sync1        ; a_sync2        ; clk          ; clk         ; 0.000        ; 0.062      ; 0.627      ;
; 0.544 ; b_sync1        ; b_sync2        ; clk          ; clk         ; 0.000        ; 0.062      ; 0.774      ;
; 0.573 ; count[13]~reg0 ; count[15]~reg0 ; clk          ; clk         ; 0.000        ; 0.447      ; 1.188      ;
; 0.577 ; count[22]~reg0 ; count[22]~reg0 ; clk          ; clk         ; 0.000        ; 0.077      ; 0.822      ;
; 0.578 ; count[15]~reg0 ; count[15]~reg0 ; clk          ; clk         ; 0.000        ; 0.077      ; 0.823      ;
; 0.579 ; count[16]~reg0 ; count[16]~reg0 ; clk          ; clk         ; 0.000        ; 0.077      ; 0.824      ;
; 0.580 ; count[21]~reg0 ; count[21]~reg0 ; clk          ; clk         ; 0.000        ; 0.077      ; 0.825      ;
; 0.580 ; count[19]~reg0 ; count[19]~reg0 ; clk          ; clk         ; 0.000        ; 0.077      ; 0.825      ;
; 0.580 ; count[18]~reg0 ; count[18]~reg0 ; clk          ; clk         ; 0.000        ; 0.077      ; 0.825      ;
; 0.581 ; count[31]~reg0 ; count[31]~reg0 ; clk          ; clk         ; 0.000        ; 0.077      ; 0.826      ;
; 0.581 ; count[30]~reg0 ; count[30]~reg0 ; clk          ; clk         ; 0.000        ; 0.077      ; 0.826      ;
; 0.581 ; count[27]~reg0 ; count[27]~reg0 ; clk          ; clk         ; 0.000        ; 0.077      ; 0.826      ;
; 0.581 ; count[20]~reg0 ; count[20]~reg0 ; clk          ; clk         ; 0.000        ; 0.077      ; 0.826      ;
; 0.582 ; count[17]~reg0 ; count[17]~reg0 ; clk          ; clk         ; 0.000        ; 0.077      ; 0.827      ;
; 0.584 ; count[23]~reg0 ; count[23]~reg0 ; clk          ; clk         ; 0.000        ; 0.077      ; 0.829      ;
; 0.584 ; count[13]~reg0 ; count[16]~reg0 ; clk          ; clk         ; 0.000        ; 0.450      ; 1.202      ;
; 0.594 ; count[13]~reg0 ; count[13]~reg0 ; clk          ; clk         ; 0.000        ; 0.062      ; 0.824      ;
; 0.594 ; count[2]~reg0  ; count[2]~reg0  ; clk          ; clk         ; 0.000        ; 0.062      ; 0.824      ;
; 0.595 ; count[11]~reg0 ; count[11]~reg0 ; clk          ; clk         ; 0.000        ; 0.062      ; 0.825      ;
; 0.595 ; count[4]~reg0  ; count[4]~reg0  ; clk          ; clk         ; 0.000        ; 0.062      ; 0.825      ;
; 0.596 ; count[8]~reg0  ; count[8]~reg0  ; clk          ; clk         ; 0.000        ; 0.062      ; 0.826      ;
; 0.596 ; count[1]~reg0  ; count[1]~reg0  ; clk          ; clk         ; 0.000        ; 0.062      ; 0.826      ;
; 0.598 ; count[7]~reg0  ; count[7]~reg0  ; clk          ; clk         ; 0.000        ; 0.062      ; 0.828      ;
; 0.613 ; count[14]~reg0 ; count[15]~reg0 ; clk          ; clk         ; 0.000        ; 0.447      ; 1.228      ;
; 0.614 ; count[0]~reg0  ; count[0]~reg0  ; clk          ; clk         ; 0.000        ; 0.062      ; 0.844      ;
; 0.639 ; count[14]~reg0 ; count[16]~reg0 ; clk          ; clk         ; 0.000        ; 0.450      ; 1.257      ;
; 0.653 ; b_sync2        ; count[15]~reg0 ; clk          ; clk         ; 0.000        ; 0.447      ; 1.268      ;
; 0.674 ; count[13]~reg0 ; count[17]~reg0 ; clk          ; clk         ; 0.000        ; 0.450      ; 1.292      ;
; 0.678 ; count[11]~reg0 ; count[15]~reg0 ; clk          ; clk         ; 0.000        ; 0.447      ; 1.293      ;
; 0.688 ; count[13]~reg0 ; count[18]~reg0 ; clk          ; clk         ; 0.000        ; 0.450      ; 1.306      ;
; 0.689 ; count[11]~reg0 ; count[16]~reg0 ; clk          ; clk         ; 0.000        ; 0.450      ; 1.307      ;
; 0.709 ; b_sync2        ; count[16]~reg0 ; clk          ; clk         ; 0.000        ; 0.450      ; 1.327      ;
; 0.711 ; b_sync2        ; count[18]~reg0 ; clk          ; clk         ; 0.000        ; 0.450      ; 1.329      ;
; 0.712 ; b_sync2        ; count[20]~reg0 ; clk          ; clk         ; 0.000        ; 0.450      ; 1.330      ;
; 0.714 ; b_sync2        ; count[31]~reg0 ; clk          ; clk         ; 0.000        ; 0.450      ; 1.332      ;
; 0.714 ; b_sync2        ; count[17]~reg0 ; clk          ; clk         ; 0.000        ; 0.450      ; 1.332      ;
; 0.714 ; count[14]~reg0 ; count[17]~reg0 ; clk          ; clk         ; 0.000        ; 0.450      ; 1.332      ;
; 0.719 ; b_sync2        ; count[23]~reg0 ; clk          ; clk         ; 0.000        ; 0.450      ; 1.337      ;
; 0.721 ; b_sync2        ; count[30]~reg0 ; clk          ; clk         ; 0.000        ; 0.450      ; 1.339      ;
; 0.722 ; a_sync2        ; a_prev         ; clk          ; clk         ; 0.000        ; 0.062      ; 0.952      ;
; 0.724 ; b_sync2        ; count[29]~reg0 ; clk          ; clk         ; 0.000        ; 0.450      ; 1.342      ;
; 0.724 ; count[29]~reg0 ; count[29]~reg0 ; clk          ; clk         ; 0.000        ; 0.077      ; 0.969      ;
; 0.726 ; count[25]~reg0 ; count[25]~reg0 ; clk          ; clk         ; 0.000        ; 0.077      ; 0.971      ;
; 0.734 ; count[26]~reg0 ; count[26]~reg0 ; clk          ; clk         ; 0.000        ; 0.077      ; 0.979      ;
; 0.736 ; count[14]~reg0 ; count[14]~reg0 ; clk          ; clk         ; 0.000        ; 0.062      ; 0.966      ;
; 0.739 ; count[28]~reg0 ; count[28]~reg0 ; clk          ; clk         ; 0.000        ; 0.077      ; 0.984      ;
; 0.741 ; count[6]~reg0  ; count[6]~reg0  ; clk          ; clk         ; 0.000        ; 0.062      ; 0.971      ;
; 0.743 ; count[14]~reg0 ; count[18]~reg0 ; clk          ; clk         ; 0.000        ; 0.450      ; 1.361      ;
; 0.745 ; count[5]~reg0  ; count[5]~reg0  ; clk          ; clk         ; 0.000        ; 0.062      ; 0.975      ;
; 0.745 ; count[3]~reg0  ; count[3]~reg0  ; clk          ; clk         ; 0.000        ; 0.062      ; 0.975      ;
; 0.748 ; count[10]~reg0 ; count[10]~reg0 ; clk          ; clk         ; 0.000        ; 0.062      ; 0.978      ;
; 0.756 ; count[9]~reg0  ; count[9]~reg0  ; clk          ; clk         ; 0.000        ; 0.062      ; 0.986      ;
; 0.778 ; count[13]~reg0 ; count[19]~reg0 ; clk          ; clk         ; 0.000        ; 0.450      ; 1.396      ;
; 0.779 ; count[11]~reg0 ; count[17]~reg0 ; clk          ; clk         ; 0.000        ; 0.450      ; 1.397      ;
; 0.792 ; count[13]~reg0 ; count[20]~reg0 ; clk          ; clk         ; 0.000        ; 0.450      ; 1.410      ;
; 0.793 ; count[11]~reg0 ; count[18]~reg0 ; clk          ; clk         ; 0.000        ; 0.450      ; 1.411      ;
; 0.801 ; count[8]~reg0  ; count[15]~reg0 ; clk          ; clk         ; 0.000        ; 0.447      ; 1.416      ;
; 0.812 ; count[8]~reg0  ; count[16]~reg0 ; clk          ; clk         ; 0.000        ; 0.450      ; 1.430      ;
; 0.815 ; b_sync2        ; count[8]~reg0  ; clk          ; clk         ; 0.000        ; 0.062      ; 1.045      ;
; 0.816 ; b_sync2        ; count[6]~reg0  ; clk          ; clk         ; 0.000        ; 0.062      ; 1.046      ;
; 0.817 ; b_sync2        ; count[4]~reg0  ; clk          ; clk         ; 0.000        ; 0.062      ; 1.047      ;
; 0.818 ; b_sync2        ; count[2]~reg0  ; clk          ; clk         ; 0.000        ; 0.062      ; 1.048      ;
; 0.818 ; count[14]~reg0 ; count[19]~reg0 ; clk          ; clk         ; 0.000        ; 0.450      ; 1.436      ;
; 0.819 ; b_sync2        ; count[7]~reg0  ; clk          ; clk         ; 0.000        ; 0.062      ; 1.049      ;
; 0.820 ; b_sync2        ; count[5]~reg0  ; clk          ; clk         ; 0.000        ; 0.062      ; 1.050      ;
; 0.820 ; b_sync2        ; count[3]~reg0  ; clk          ; clk         ; 0.000        ; 0.062      ; 1.050      ;
; 0.821 ; b_sync2        ; count[1]~reg0  ; clk          ; clk         ; 0.000        ; 0.062      ; 1.051      ;
; 0.833 ; count[10]~reg0 ; count[15]~reg0 ; clk          ; clk         ; 0.000        ; 0.447      ; 1.448      ;
; 0.847 ; count[14]~reg0 ; count[20]~reg0 ; clk          ; clk         ; 0.000        ; 0.450      ; 1.465      ;
; 0.849 ; count[15]~reg0 ; count[16]~reg0 ; clk          ; clk         ; 0.000        ; 0.080      ; 1.097      ;
; 0.853 ; count[22]~reg0 ; count[23]~reg0 ; clk          ; clk         ; 0.000        ; 0.077      ; 1.098      ;
; 0.854 ; count[21]~reg0 ; count[22]~reg0 ; clk          ; clk         ; 0.000        ; 0.077      ; 1.099      ;
; 0.854 ; count[19]~reg0 ; count[20]~reg0 ; clk          ; clk         ; 0.000        ; 0.077      ; 1.099      ;
; 0.855 ; count[27]~reg0 ; count[28]~reg0 ; clk          ; clk         ; 0.000        ; 0.077      ; 1.100      ;
; 0.857 ; count[16]~reg0 ; count[17]~reg0 ; clk          ; clk         ; 0.000        ; 0.077      ; 1.102      ;
; 0.858 ; count[17]~reg0 ; count[18]~reg0 ; clk          ; clk         ; 0.000        ; 0.077      ; 1.103      ;
; 0.858 ; count[18]~reg0 ; count[19]~reg0 ; clk          ; clk         ; 0.000        ; 0.077      ; 1.103      ;
; 0.859 ; count[20]~reg0 ; count[21]~reg0 ; clk          ; clk         ; 0.000        ; 0.077      ; 1.104      ;
; 0.859 ; count[30]~reg0 ; count[31]~reg0 ; clk          ; clk         ; 0.000        ; 0.077      ; 1.104      ;
; 0.860 ; count[23]~reg0 ; count[24]~reg0 ; clk          ; clk         ; 0.000        ; 0.077      ; 1.105      ;
; 0.861 ; count[10]~reg0 ; count[16]~reg0 ; clk          ; clk         ; 0.000        ; 0.450      ; 1.479      ;
; 0.867 ; count[22]~reg0 ; count[24]~reg0 ; clk          ; clk         ; 0.000        ; 0.077      ; 1.112      ;
; 0.868 ; count[13]~reg0 ; count[14]~reg0 ; clk          ; clk         ; 0.000        ; 0.062      ; 1.098      ;
; 0.869 ; count[11]~reg0 ; count[12]~reg0 ; clk          ; clk         ; 0.000        ; 0.062      ; 1.099      ;
; 0.871 ; count[16]~reg0 ; count[18]~reg0 ; clk          ; clk         ; 0.000        ; 0.077      ; 1.116      ;
; 0.872 ; count[1]~reg0  ; count[2]~reg0  ; clk          ; clk         ; 0.000        ; 0.062      ; 1.102      ;
; 0.872 ; count[0]~reg0  ; count[1]~reg0  ; clk          ; clk         ; 0.000        ; 0.062      ; 1.102      ;
; 0.872 ; count[2]~reg0  ; count[3]~reg0  ; clk          ; clk         ; 0.000        ; 0.062      ; 1.102      ;
; 0.872 ; count[18]~reg0 ; count[20]~reg0 ; clk          ; clk         ; 0.000        ; 0.077      ; 1.117      ;
; 0.873 ; count[4]~reg0  ; count[5]~reg0  ; clk          ; clk         ; 0.000        ; 0.062      ; 1.103      ;
; 0.873 ; count[20]~reg0 ; count[22]~reg0 ; clk          ; clk         ; 0.000        ; 0.077      ; 1.118      ;
; 0.874 ; count[7]~reg0  ; count[8]~reg0  ; clk          ; clk         ; 0.000        ; 0.062      ; 1.104      ;
; 0.874 ; count[8]~reg0  ; count[9]~reg0  ; clk          ; clk         ; 0.000        ; 0.062      ; 1.104      ;
; 0.882 ; count[13]~reg0 ; count[21]~reg0 ; clk          ; clk         ; 0.000        ; 0.450      ; 1.500      ;
; 0.883 ; count[11]~reg0 ; count[19]~reg0 ; clk          ; clk         ; 0.000        ; 0.450      ; 1.501      ;
; 0.886 ; count[2]~reg0  ; count[4]~reg0  ; clk          ; clk         ; 0.000        ; 0.062      ; 1.116      ;
; 0.886 ; count[0]~reg0  ; count[2]~reg0  ; clk          ; clk         ; 0.000        ; 0.062      ; 1.116      ;
; 0.887 ; count[4]~reg0  ; count[6]~reg0  ; clk          ; clk         ; 0.000        ; 0.062      ; 1.117      ;
; 0.888 ; count[8]~reg0  ; count[10]~reg0 ; clk          ; clk         ; 0.000        ; 0.062      ; 1.118      ;
; 0.891 ; count[7]~reg0  ; count[15]~reg0 ; clk          ; clk         ; 0.000        ; 0.447      ; 1.506      ;
+-------+----------------+----------------+--------------+-------------+--------------+------------+------------+


------------------------------------------------
; Slow 1200mV -40C Model Metastability Summary ;
------------------------------------------------
Design MTBF is not calculated because the design doesn't meet its timing requirements.



+--------------------------------------+
; Fast 1200mV -40C Model Setup Summary ;
+-------+--------+---------------------+
; Clock ; Slack  ; End Point TNS       ;
+-------+--------+---------------------+
; clk   ; -0.686 ; -9.948              ;
+-------+--------+---------------------+


+-------------------------------------+
; Fast 1200mV -40C Model Hold Summary ;
+-------+-------+---------------------+
; Clock ; Slack ; End Point TNS       ;
+-------+-------+---------------------+
; clk   ; 0.185 ; 0.000               ;
+-------+-------+---------------------+


-------------------------------------------
; Fast 1200mV -40C Model Recovery Summary ;
-------------------------------------------
No paths to report.


------------------------------------------
; Fast 1200mV -40C Model Removal Summary ;
------------------------------------------
No paths to report.


+----------------------------------------------------+
; Fast 1200mV -40C Model Minimum Pulse Width Summary ;
+-------+--------+-----------------------------------+
; Clock ; Slack  ; End Point TNS                     ;
+-------+--------+-----------------------------------+
; clk   ; -3.000 ; -42.677                           ;
+-------+--------+-----------------------------------+


+----------------------------------------------------------------------------------------------------------------+
; Fast 1200mV -40C Model Setup: 'clk'                                                                            ;
+--------+----------------+----------------+--------------+-------------+--------------+------------+------------+
; Slack  ; From Node      ; To Node        ; Launch Clock ; Latch Clock ; Relationship ; Clock Skew ; Data Delay ;
+--------+----------------+----------------+--------------+-------------+--------------+------------+------------+
; -0.686 ; b_sync2        ; count[31]~reg0 ; clk          ; clk         ; 1.000        ; 0.150      ; 1.824      ;
; -0.682 ; b_sync2        ; count[30]~reg0 ; clk          ; clk         ; 1.000        ; 0.150      ; 1.820      ;
; -0.622 ; b_sync2        ; count[29]~reg0 ; clk          ; clk         ; 1.000        ; 0.150      ; 1.760      ;
; -0.618 ; b_sync2        ; count[28]~reg0 ; clk          ; clk         ; 1.000        ; 0.150      ; 1.756      ;
; -0.565 ; count[3]~reg0  ; count[31]~reg0 ; clk          ; clk         ; 1.000        ; 0.149      ; 1.702      ;
; -0.561 ; count[3]~reg0  ; count[30]~reg0 ; clk          ; clk         ; 1.000        ; 0.149      ; 1.698      ;
; -0.558 ; b_sync2        ; count[27]~reg0 ; clk          ; clk         ; 1.000        ; 0.150      ; 1.696      ;
; -0.557 ; count[1]~reg0  ; count[31]~reg0 ; clk          ; clk         ; 1.000        ; 0.149      ; 1.694      ;
; -0.554 ; b_sync2        ; count[26]~reg0 ; clk          ; clk         ; 1.000        ; 0.150      ; 1.692      ;
; -0.553 ; count[1]~reg0  ; count[30]~reg0 ; clk          ; clk         ; 1.000        ; 0.149      ; 1.690      ;
; -0.541 ; count[0]~reg0  ; count[31]~reg0 ; clk          ; clk         ; 1.000        ; 0.149      ; 1.678      ;
; -0.509 ; count[0]~reg0  ; count[30]~reg0 ; clk          ; clk         ; 1.000        ; 0.149      ; 1.646      ;
; -0.501 ; count[5]~reg0  ; count[31]~reg0 ; clk          ; clk         ; 1.000        ; 0.149      ; 1.638      ;
; -0.501 ; count[3]~reg0  ; count[29]~reg0 ; clk          ; clk         ; 1.000        ; 0.149      ; 1.638      ;
; -0.497 ; count[5]~reg0  ; count[30]~reg0 ; clk          ; clk         ; 1.000        ; 0.149      ; 1.634      ;
; -0.497 ; count[3]~reg0  ; count[28]~reg0 ; clk          ; clk         ; 1.000        ; 0.149      ; 1.634      ;
; -0.494 ; b_sync2        ; count[25]~reg0 ; clk          ; clk         ; 1.000        ; 0.150      ; 1.632      ;
; -0.493 ; count[1]~reg0  ; count[29]~reg0 ; clk          ; clk         ; 1.000        ; 0.149      ; 1.630      ;
; -0.490 ; b_sync2        ; count[24]~reg0 ; clk          ; clk         ; 1.000        ; 0.150      ; 1.628      ;
; -0.489 ; count[1]~reg0  ; count[28]~reg0 ; clk          ; clk         ; 1.000        ; 0.149      ; 1.626      ;
; -0.478 ; count[2]~reg0  ; count[31]~reg0 ; clk          ; clk         ; 1.000        ; 0.149      ; 1.615      ;
; -0.477 ; count[0]~reg0  ; count[29]~reg0 ; clk          ; clk         ; 1.000        ; 0.149      ; 1.614      ;
; -0.446 ; count[2]~reg0  ; count[30]~reg0 ; clk          ; clk         ; 1.000        ; 0.149      ; 1.583      ;
; -0.445 ; count[0]~reg0  ; count[28]~reg0 ; clk          ; clk         ; 1.000        ; 0.149      ; 1.582      ;
; -0.437 ; count[5]~reg0  ; count[29]~reg0 ; clk          ; clk         ; 1.000        ; 0.149      ; 1.574      ;
; -0.437 ; count[3]~reg0  ; count[27]~reg0 ; clk          ; clk         ; 1.000        ; 0.149      ; 1.574      ;
; -0.433 ; count[5]~reg0  ; count[28]~reg0 ; clk          ; clk         ; 1.000        ; 0.149      ; 1.570      ;
; -0.433 ; count[3]~reg0  ; count[26]~reg0 ; clk          ; clk         ; 1.000        ; 0.149      ; 1.570      ;
; -0.430 ; b_sync2        ; count[23]~reg0 ; clk          ; clk         ; 1.000        ; 0.150      ; 1.568      ;
; -0.429 ; count[1]~reg0  ; count[27]~reg0 ; clk          ; clk         ; 1.000        ; 0.149      ; 1.566      ;
; -0.426 ; b_sync2        ; count[22]~reg0 ; clk          ; clk         ; 1.000        ; 0.150      ; 1.564      ;
; -0.425 ; count[1]~reg0  ; count[26]~reg0 ; clk          ; clk         ; 1.000        ; 0.149      ; 1.562      ;
; -0.414 ; count[4]~reg0  ; count[31]~reg0 ; clk          ; clk         ; 1.000        ; 0.149      ; 1.551      ;
; -0.414 ; count[2]~reg0  ; count[29]~reg0 ; clk          ; clk         ; 1.000        ; 0.149      ; 1.551      ;
; -0.413 ; count[6]~reg0  ; count[31]~reg0 ; clk          ; clk         ; 1.000        ; 0.149      ; 1.550      ;
; -0.413 ; count[0]~reg0  ; count[27]~reg0 ; clk          ; clk         ; 1.000        ; 0.149      ; 1.550      ;
; -0.392 ; count[6]~reg0  ; count[30]~reg0 ; clk          ; clk         ; 1.000        ; 0.149      ; 1.529      ;
; -0.382 ; count[4]~reg0  ; count[30]~reg0 ; clk          ; clk         ; 1.000        ; 0.149      ; 1.519      ;
; -0.382 ; count[2]~reg0  ; count[28]~reg0 ; clk          ; clk         ; 1.000        ; 0.149      ; 1.519      ;
; -0.381 ; count[0]~reg0  ; count[26]~reg0 ; clk          ; clk         ; 1.000        ; 0.149      ; 1.518      ;
; -0.377 ; count[9]~reg0  ; count[31]~reg0 ; clk          ; clk         ; 1.000        ; 0.149      ; 1.514      ;
; -0.373 ; count[9]~reg0  ; count[30]~reg0 ; clk          ; clk         ; 1.000        ; 0.149      ; 1.510      ;
; -0.373 ; count[5]~reg0  ; count[27]~reg0 ; clk          ; clk         ; 1.000        ; 0.149      ; 1.510      ;
; -0.373 ; count[3]~reg0  ; count[25]~reg0 ; clk          ; clk         ; 1.000        ; 0.149      ; 1.510      ;
; -0.369 ; count[5]~reg0  ; count[26]~reg0 ; clk          ; clk         ; 1.000        ; 0.149      ; 1.506      ;
; -0.369 ; count[3]~reg0  ; count[24]~reg0 ; clk          ; clk         ; 1.000        ; 0.149      ; 1.506      ;
; -0.367 ; count[7]~reg0  ; count[31]~reg0 ; clk          ; clk         ; 1.000        ; 0.149      ; 1.504      ;
; -0.366 ; b_sync2        ; count[21]~reg0 ; clk          ; clk         ; 1.000        ; 0.150      ; 1.504      ;
; -0.365 ; count[1]~reg0  ; count[25]~reg0 ; clk          ; clk         ; 1.000        ; 0.149      ; 1.502      ;
; -0.363 ; count[7]~reg0  ; count[30]~reg0 ; clk          ; clk         ; 1.000        ; 0.149      ; 1.500      ;
; -0.362 ; b_sync2        ; count[20]~reg0 ; clk          ; clk         ; 1.000        ; 0.150      ; 1.500      ;
; -0.361 ; count[1]~reg0  ; count[24]~reg0 ; clk          ; clk         ; 1.000        ; 0.149      ; 1.498      ;
; -0.354 ; b_sync2        ; count[14]~reg0 ; clk          ; clk         ; 1.000        ; -0.034     ; 1.308      ;
; -0.350 ; count[4]~reg0  ; count[29]~reg0 ; clk          ; clk         ; 1.000        ; 0.149      ; 1.487      ;
; -0.350 ; count[2]~reg0  ; count[27]~reg0 ; clk          ; clk         ; 1.000        ; 0.149      ; 1.487      ;
; -0.349 ; count[6]~reg0  ; count[29]~reg0 ; clk          ; clk         ; 1.000        ; 0.149      ; 1.486      ;
; -0.349 ; count[0]~reg0  ; count[25]~reg0 ; clk          ; clk         ; 1.000        ; 0.149      ; 1.486      ;
; -0.331 ; count[12]~reg0 ; count[31]~reg0 ; clk          ; clk         ; 1.000        ; 0.149      ; 1.468      ;
; -0.328 ; count[6]~reg0  ; count[28]~reg0 ; clk          ; clk         ; 1.000        ; 0.149      ; 1.465      ;
; -0.318 ; count[4]~reg0  ; count[28]~reg0 ; clk          ; clk         ; 1.000        ; 0.149      ; 1.455      ;
; -0.318 ; count[2]~reg0  ; count[26]~reg0 ; clk          ; clk         ; 1.000        ; 0.149      ; 1.455      ;
; -0.317 ; count[0]~reg0  ; count[24]~reg0 ; clk          ; clk         ; 1.000        ; 0.149      ; 1.454      ;
; -0.316 ; count[12]~reg0 ; count[30]~reg0 ; clk          ; clk         ; 1.000        ; 0.149      ; 1.453      ;
; -0.313 ; count[9]~reg0  ; count[29]~reg0 ; clk          ; clk         ; 1.000        ; 0.149      ; 1.450      ;
; -0.309 ; count[9]~reg0  ; count[28]~reg0 ; clk          ; clk         ; 1.000        ; 0.149      ; 1.446      ;
; -0.309 ; count[5]~reg0  ; count[25]~reg0 ; clk          ; clk         ; 1.000        ; 0.149      ; 1.446      ;
; -0.309 ; count[3]~reg0  ; count[23]~reg0 ; clk          ; clk         ; 1.000        ; 0.149      ; 1.446      ;
; -0.305 ; count[5]~reg0  ; count[24]~reg0 ; clk          ; clk         ; 1.000        ; 0.149      ; 1.442      ;
; -0.305 ; count[3]~reg0  ; count[22]~reg0 ; clk          ; clk         ; 1.000        ; 0.149      ; 1.442      ;
; -0.303 ; count[7]~reg0  ; count[29]~reg0 ; clk          ; clk         ; 1.000        ; 0.149      ; 1.440      ;
; -0.302 ; b_sync2        ; count[19]~reg0 ; clk          ; clk         ; 1.000        ; 0.150      ; 1.440      ;
; -0.301 ; count[1]~reg0  ; count[23]~reg0 ; clk          ; clk         ; 1.000        ; 0.149      ; 1.438      ;
; -0.299 ; count[7]~reg0  ; count[28]~reg0 ; clk          ; clk         ; 1.000        ; 0.149      ; 1.436      ;
; -0.298 ; b_sync2        ; count[18]~reg0 ; clk          ; clk         ; 1.000        ; 0.150      ; 1.436      ;
; -0.298 ; count[15]~reg0 ; count[31]~reg0 ; clk          ; clk         ; 1.000        ; -0.042     ; 1.244      ;
; -0.297 ; count[1]~reg0  ; count[22]~reg0 ; clk          ; clk         ; 1.000        ; 0.149      ; 1.434      ;
; -0.294 ; b_sync2        ; count[13]~reg0 ; clk          ; clk         ; 1.000        ; -0.034     ; 1.248      ;
; -0.294 ; count[15]~reg0 ; count[30]~reg0 ; clk          ; clk         ; 1.000        ; -0.042     ; 1.240      ;
; -0.290 ; b_sync2        ; count[12]~reg0 ; clk          ; clk         ; 1.000        ; -0.034     ; 1.244      ;
; -0.290 ; count[10]~reg0 ; count[31]~reg0 ; clk          ; clk         ; 1.000        ; 0.149      ; 1.427      ;
; -0.286 ; count[8]~reg0  ; count[31]~reg0 ; clk          ; clk         ; 1.000        ; 0.149      ; 1.423      ;
; -0.286 ; count[4]~reg0  ; count[27]~reg0 ; clk          ; clk         ; 1.000        ; 0.149      ; 1.423      ;
; -0.286 ; count[2]~reg0  ; count[25]~reg0 ; clk          ; clk         ; 1.000        ; 0.149      ; 1.423      ;
; -0.285 ; count[6]~reg0  ; count[27]~reg0 ; clk          ; clk         ; 1.000        ; 0.149      ; 1.422      ;
; -0.285 ; count[0]~reg0  ; count[23]~reg0 ; clk          ; clk         ; 1.000        ; 0.149      ; 1.422      ;
; -0.267 ; count[12]~reg0 ; count[29]~reg0 ; clk          ; clk         ; 1.000        ; 0.149      ; 1.404      ;
; -0.264 ; count[6]~reg0  ; count[26]~reg0 ; clk          ; clk         ; 1.000        ; 0.149      ; 1.401      ;
; -0.262 ; count[10]~reg0 ; count[30]~reg0 ; clk          ; clk         ; 1.000        ; 0.149      ; 1.399      ;
; -0.254 ; count[8]~reg0  ; count[30]~reg0 ; clk          ; clk         ; 1.000        ; 0.149      ; 1.391      ;
; -0.254 ; count[4]~reg0  ; count[26]~reg0 ; clk          ; clk         ; 1.000        ; 0.149      ; 1.391      ;
; -0.254 ; count[2]~reg0  ; count[24]~reg0 ; clk          ; clk         ; 1.000        ; 0.149      ; 1.391      ;
; -0.253 ; count[0]~reg0  ; count[22]~reg0 ; clk          ; clk         ; 1.000        ; 0.149      ; 1.390      ;
; -0.252 ; count[12]~reg0 ; count[28]~reg0 ; clk          ; clk         ; 1.000        ; 0.149      ; 1.389      ;
; -0.249 ; count[9]~reg0  ; count[27]~reg0 ; clk          ; clk         ; 1.000        ; 0.149      ; 1.386      ;
; -0.245 ; count[9]~reg0  ; count[26]~reg0 ; clk          ; clk         ; 1.000        ; 0.149      ; 1.382      ;
; -0.245 ; count[5]~reg0  ; count[23]~reg0 ; clk          ; clk         ; 1.000        ; 0.149      ; 1.382      ;
; -0.245 ; count[3]~reg0  ; count[21]~reg0 ; clk          ; clk         ; 1.000        ; 0.149      ; 1.382      ;
; -0.241 ; count[5]~reg0  ; count[22]~reg0 ; clk          ; clk         ; 1.000        ; 0.149      ; 1.378      ;
; -0.241 ; count[3]~reg0  ; count[20]~reg0 ; clk          ; clk         ; 1.000        ; 0.149      ; 1.378      ;
; -0.239 ; count[7]~reg0  ; count[27]~reg0 ; clk          ; clk         ; 1.000        ; 0.149      ; 1.376      ;
+--------+----------------+----------------+--------------+-------------+--------------+------------+------------+


+---------------------------------------------------------------------------------------------------------------+
; Fast 1200mV -40C Model Hold: 'clk'                                                                            ;
+-------+----------------+----------------+--------------+-------------+--------------+------------+------------+
; Slack ; From Node      ; To Node        ; Launch Clock ; Latch Clock ; Relationship ; Clock Skew ; Data Delay ;
+-------+----------------+----------------+--------------+-------------+--------------+------------+------------+
; 0.185 ; a_sync1        ; a_sync2        ; clk          ; clk         ; 0.000        ; 0.035      ; 0.302      ;
; 0.259 ; b_sync1        ; b_sync2        ; clk          ; clk         ; 0.000        ; 0.034      ; 0.375      ;
; 0.279 ; count[16]~reg0 ; count[16]~reg0 ; clk          ; clk         ; 0.000        ; 0.042      ; 0.403      ;
; 0.280 ; count[31]~reg0 ; count[31]~reg0 ; clk          ; clk         ; 0.000        ; 0.042      ; 0.404      ;
; 0.280 ; count[30]~reg0 ; count[30]~reg0 ; clk          ; clk         ; 0.000        ; 0.042      ; 0.404      ;
; 0.280 ; count[22]~reg0 ; count[22]~reg0 ; clk          ; clk         ; 0.000        ; 0.042      ; 0.404      ;
; 0.280 ; count[18]~reg0 ; count[18]~reg0 ; clk          ; clk         ; 0.000        ; 0.042      ; 0.404      ;
; 0.280 ; count[15]~reg0 ; count[15]~reg0 ; clk          ; clk         ; 0.000        ; 0.042      ; 0.404      ;
; 0.281 ; count[21]~reg0 ; count[21]~reg0 ; clk          ; clk         ; 0.000        ; 0.042      ; 0.405      ;
; 0.281 ; count[20]~reg0 ; count[20]~reg0 ; clk          ; clk         ; 0.000        ; 0.042      ; 0.405      ;
; 0.281 ; count[19]~reg0 ; count[19]~reg0 ; clk          ; clk         ; 0.000        ; 0.042      ; 0.405      ;
; 0.281 ; count[17]~reg0 ; count[17]~reg0 ; clk          ; clk         ; 0.000        ; 0.042      ; 0.405      ;
; 0.282 ; count[27]~reg0 ; count[27]~reg0 ; clk          ; clk         ; 0.000        ; 0.042      ; 0.406      ;
; 0.282 ; count[23]~reg0 ; count[23]~reg0 ; clk          ; clk         ; 0.000        ; 0.042      ; 0.406      ;
; 0.287 ; count[8]~reg0  ; count[8]~reg0  ; clk          ; clk         ; 0.000        ; 0.035      ; 0.404      ;
; 0.287 ; count[4]~reg0  ; count[4]~reg0  ; clk          ; clk         ; 0.000        ; 0.035      ; 0.404      ;
; 0.287 ; count[2]~reg0  ; count[2]~reg0  ; clk          ; clk         ; 0.000        ; 0.035      ; 0.404      ;
; 0.287 ; count[1]~reg0  ; count[1]~reg0  ; clk          ; clk         ; 0.000        ; 0.035      ; 0.404      ;
; 0.288 ; count[13]~reg0 ; count[13]~reg0 ; clk          ; clk         ; 0.000        ; 0.035      ; 0.405      ;
; 0.288 ; count[11]~reg0 ; count[11]~reg0 ; clk          ; clk         ; 0.000        ; 0.035      ; 0.405      ;
; 0.288 ; count[7]~reg0  ; count[7]~reg0  ; clk          ; clk         ; 0.000        ; 0.035      ; 0.405      ;
; 0.298 ; count[0]~reg0  ; count[0]~reg0  ; clk          ; clk         ; 0.000        ; 0.035      ; 0.415      ;
; 0.298 ; count[13]~reg0 ; count[15]~reg0 ; clk          ; clk         ; 0.000        ; 0.226      ; 0.606      ;
; 0.300 ; count[13]~reg0 ; count[16]~reg0 ; clk          ; clk         ; 0.000        ; 0.226      ; 0.608      ;
; 0.307 ; count[14]~reg0 ; count[15]~reg0 ; clk          ; clk         ; 0.000        ; 0.226      ; 0.615      ;
; 0.309 ; count[14]~reg0 ; count[16]~reg0 ; clk          ; clk         ; 0.000        ; 0.226      ; 0.617      ;
; 0.323 ; b_sync2        ; count[15]~reg0 ; clk          ; clk         ; 0.000        ; 0.226      ; 0.631      ;
; 0.333 ; a_sync2        ; a_prev         ; clk          ; clk         ; 0.000        ; 0.035      ; 0.450      ;
; 0.340 ; count[29]~reg0 ; count[29]~reg0 ; clk          ; clk         ; 0.000        ; 0.042      ; 0.464      ;
; 0.340 ; count[25]~reg0 ; count[25]~reg0 ; clk          ; clk         ; 0.000        ; 0.042      ; 0.464      ;
; 0.345 ; count[14]~reg0 ; count[14]~reg0 ; clk          ; clk         ; 0.000        ; 0.035      ; 0.462      ;
; 0.346 ; count[26]~reg0 ; count[26]~reg0 ; clk          ; clk         ; 0.000        ; 0.042      ; 0.470      ;
; 0.347 ; count[6]~reg0  ; count[6]~reg0  ; clk          ; clk         ; 0.000        ; 0.035      ; 0.464      ;
; 0.348 ; count[28]~reg0 ; count[28]~reg0 ; clk          ; clk         ; 0.000        ; 0.042      ; 0.472      ;
; 0.353 ; count[10]~reg0 ; count[10]~reg0 ; clk          ; clk         ; 0.000        ; 0.035      ; 0.470      ;
; 0.353 ; b_sync2        ; count[16]~reg0 ; clk          ; clk         ; 0.000        ; 0.226      ; 0.661      ;
; 0.354 ; count[5]~reg0  ; count[5]~reg0  ; clk          ; clk         ; 0.000        ; 0.035      ; 0.471      ;
; 0.354 ; count[3]~reg0  ; count[3]~reg0  ; clk          ; clk         ; 0.000        ; 0.035      ; 0.471      ;
; 0.354 ; b_sync2        ; count[18]~reg0 ; clk          ; clk         ; 0.000        ; 0.226      ; 0.662      ;
; 0.354 ; b_sync2        ; count[17]~reg0 ; clk          ; clk         ; 0.000        ; 0.226      ; 0.662      ;
; 0.355 ; count[9]~reg0  ; count[9]~reg0  ; clk          ; clk         ; 0.000        ; 0.035      ; 0.472      ;
; 0.355 ; b_sync2        ; count[20]~reg0 ; clk          ; clk         ; 0.000        ; 0.226      ; 0.663      ;
; 0.358 ; count[13]~reg0 ; count[17]~reg0 ; clk          ; clk         ; 0.000        ; 0.226      ; 0.666      ;
; 0.358 ; b_sync2        ; count[23]~reg0 ; clk          ; clk         ; 0.000        ; 0.226      ; 0.666      ;
; 0.358 ; count[11]~reg0 ; count[15]~reg0 ; clk          ; clk         ; 0.000        ; 0.226      ; 0.666      ;
; 0.360 ; count[13]~reg0 ; count[18]~reg0 ; clk          ; clk         ; 0.000        ; 0.226      ; 0.668      ;
; 0.360 ; count[11]~reg0 ; count[16]~reg0 ; clk          ; clk         ; 0.000        ; 0.226      ; 0.668      ;
; 0.363 ; b_sync2        ; count[30]~reg0 ; clk          ; clk         ; 0.000        ; 0.226      ; 0.671      ;
; 0.363 ; b_sync2        ; count[29]~reg0 ; clk          ; clk         ; 0.000        ; 0.226      ; 0.671      ;
; 0.366 ; b_sync2        ; count[31]~reg0 ; clk          ; clk         ; 0.000        ; 0.226      ; 0.674      ;
; 0.367 ; count[14]~reg0 ; count[17]~reg0 ; clk          ; clk         ; 0.000        ; 0.226      ; 0.675      ;
; 0.369 ; count[14]~reg0 ; count[18]~reg0 ; clk          ; clk         ; 0.000        ; 0.226      ; 0.677      ;
; 0.393 ; b_sync2        ; count[8]~reg0  ; clk          ; clk         ; 0.000        ; 0.035      ; 0.510      ;
; 0.394 ; b_sync2        ; count[6]~reg0  ; clk          ; clk         ; 0.000        ; 0.035      ; 0.511      ;
; 0.395 ; b_sync2        ; count[4]~reg0  ; clk          ; clk         ; 0.000        ; 0.035      ; 0.512      ;
; 0.395 ; b_sync2        ; count[2]~reg0  ; clk          ; clk         ; 0.000        ; 0.035      ; 0.512      ;
; 0.395 ; b_sync2        ; count[7]~reg0  ; clk          ; clk         ; 0.000        ; 0.035      ; 0.512      ;
; 0.396 ; b_sync2        ; count[5]~reg0  ; clk          ; clk         ; 0.000        ; 0.035      ; 0.513      ;
; 0.396 ; b_sync2        ; count[3]~reg0  ; clk          ; clk         ; 0.000        ; 0.035      ; 0.513      ;
; 0.397 ; b_sync2        ; count[1]~reg0  ; clk          ; clk         ; 0.000        ; 0.035      ; 0.514      ;
; 0.418 ; count[13]~reg0 ; count[19]~reg0 ; clk          ; clk         ; 0.000        ; 0.226      ; 0.726      ;
; 0.418 ; count[11]~reg0 ; count[17]~reg0 ; clk          ; clk         ; 0.000        ; 0.226      ; 0.726      ;
; 0.420 ; count[13]~reg0 ; count[20]~reg0 ; clk          ; clk         ; 0.000        ; 0.226      ; 0.728      ;
; 0.420 ; count[11]~reg0 ; count[18]~reg0 ; clk          ; clk         ; 0.000        ; 0.226      ; 0.728      ;
; 0.423 ; count[15]~reg0 ; count[16]~reg0 ; clk          ; clk         ; 0.000        ; 0.042      ; 0.547      ;
; 0.424 ; count[21]~reg0 ; count[22]~reg0 ; clk          ; clk         ; 0.000        ; 0.042      ; 0.548      ;
; 0.424 ; count[17]~reg0 ; count[18]~reg0 ; clk          ; clk         ; 0.000        ; 0.042      ; 0.548      ;
; 0.424 ; count[19]~reg0 ; count[20]~reg0 ; clk          ; clk         ; 0.000        ; 0.042      ; 0.548      ;
; 0.425 ; count[23]~reg0 ; count[24]~reg0 ; clk          ; clk         ; 0.000        ; 0.042      ; 0.549      ;
; 0.425 ; count[27]~reg0 ; count[28]~reg0 ; clk          ; clk         ; 0.000        ; 0.042      ; 0.549      ;
; 0.427 ; count[14]~reg0 ; count[19]~reg0 ; clk          ; clk         ; 0.000        ; 0.226      ; 0.735      ;
; 0.429 ; count[14]~reg0 ; count[20]~reg0 ; clk          ; clk         ; 0.000        ; 0.226      ; 0.737      ;
; 0.430 ; count[1]~reg0  ; count[2]~reg0  ; clk          ; clk         ; 0.000        ; 0.035      ; 0.547      ;
; 0.430 ; count[8]~reg0  ; count[15]~reg0 ; clk          ; clk         ; 0.000        ; 0.226      ; 0.738      ;
; 0.431 ; count[11]~reg0 ; count[12]~reg0 ; clk          ; clk         ; 0.000        ; 0.035      ; 0.548      ;
; 0.431 ; count[7]~reg0  ; count[8]~reg0  ; clk          ; clk         ; 0.000        ; 0.035      ; 0.548      ;
; 0.431 ; count[13]~reg0 ; count[14]~reg0 ; clk          ; clk         ; 0.000        ; 0.035      ; 0.548      ;
; 0.432 ; count[8]~reg0  ; count[16]~reg0 ; clk          ; clk         ; 0.000        ; 0.226      ; 0.740      ;
; 0.433 ; count[22]~reg0 ; count[23]~reg0 ; clk          ; clk         ; 0.000        ; 0.042      ; 0.557      ;
; 0.433 ; count[16]~reg0 ; count[17]~reg0 ; clk          ; clk         ; 0.000        ; 0.042      ; 0.557      ;
; 0.434 ; count[30]~reg0 ; count[31]~reg0 ; clk          ; clk         ; 0.000        ; 0.042      ; 0.558      ;
; 0.434 ; count[18]~reg0 ; count[19]~reg0 ; clk          ; clk         ; 0.000        ; 0.042      ; 0.558      ;
; 0.435 ; count[20]~reg0 ; count[21]~reg0 ; clk          ; clk         ; 0.000        ; 0.042      ; 0.559      ;
; 0.435 ; count[16]~reg0 ; count[18]~reg0 ; clk          ; clk         ; 0.000        ; 0.042      ; 0.559      ;
; 0.435 ; count[22]~reg0 ; count[24]~reg0 ; clk          ; clk         ; 0.000        ; 0.042      ; 0.559      ;
; 0.435 ; count[10]~reg0 ; count[15]~reg0 ; clk          ; clk         ; 0.000        ; 0.226      ; 0.743      ;
; 0.436 ; count[18]~reg0 ; count[20]~reg0 ; clk          ; clk         ; 0.000        ; 0.042      ; 0.560      ;
; 0.437 ; count[20]~reg0 ; count[22]~reg0 ; clk          ; clk         ; 0.000        ; 0.042      ; 0.561      ;
; 0.437 ; count[10]~reg0 ; count[16]~reg0 ; clk          ; clk         ; 0.000        ; 0.226      ; 0.745      ;
; 0.439 ; count[24]~reg0 ; count[24]~reg0 ; clk          ; clk         ; 0.000        ; 0.042      ; 0.563      ;
; 0.440 ; count[0]~reg0  ; count[1]~reg0  ; clk          ; clk         ; 0.000        ; 0.035      ; 0.557      ;
; 0.441 ; count[4]~reg0  ; count[5]~reg0  ; clk          ; clk         ; 0.000        ; 0.035      ; 0.558      ;
; 0.441 ; count[2]~reg0  ; count[3]~reg0  ; clk          ; clk         ; 0.000        ; 0.035      ; 0.558      ;
; 0.441 ; count[8]~reg0  ; count[9]~reg0  ; clk          ; clk         ; 0.000        ; 0.035      ; 0.558      ;
; 0.442 ; count[0]~reg0  ; count[2]~reg0  ; clk          ; clk         ; 0.000        ; 0.035      ; 0.559      ;
; 0.443 ; count[2]~reg0  ; count[4]~reg0  ; clk          ; clk         ; 0.000        ; 0.035      ; 0.560      ;
; 0.443 ; count[4]~reg0  ; count[6]~reg0  ; clk          ; clk         ; 0.000        ; 0.035      ; 0.560      ;
; 0.443 ; count[8]~reg0  ; count[10]~reg0 ; clk          ; clk         ; 0.000        ; 0.035      ; 0.560      ;
; 0.454 ; count[12]~reg0 ; count[12]~reg0 ; clk          ; clk         ; 0.000        ; 0.035      ; 0.571      ;
; 0.465 ; b_sync2        ; count[28]~reg0 ; clk          ; clk         ; 0.000        ; 0.226      ; 0.773      ;
+-------+----------------+----------------+--------------+-------------+--------------+------------+------------+


------------------------------------------------
; Fast 1200mV -40C Model Metastability Summary ;
------------------------------------------------
Design MTBF is not calculated because the design doesn't meet its timing requirements.



+-------------------------------------------------------------------------------+
; Multicorner Timing Analysis Summary                                           ;
+------------------+---------+-------+----------+---------+---------------------+
; Clock            ; Setup   ; Hold  ; Recovery ; Removal ; Minimum Pulse Width ;
+------------------+---------+-------+----------+---------+---------------------+
; Worst-case Slack ; -2.692  ; 0.185 ; N/A      ; N/A     ; -3.000              ;
;  clk             ; -2.692  ; 0.185 ; N/A      ; N/A     ; -3.000              ;
; Design-wide TNS  ; -59.762 ; 0.0   ; 0.0      ; 0.0     ; -58.019             ;
;  clk             ; -59.762 ; 0.000 ; N/A      ; N/A     ; -58.019             ;
+------------------+---------+-------+----------+---------+---------------------+


+------------------------------------------------------------------------------------------------------------------------------------------------------------------------------------------------------------------------------------------------------------------------------------------------------------------------------------------------------------------------------------------------------------------+
; Board Trace Model Assignments                                                                                                                                                                                                                                                                                                                                                                                    ;
+---------------+--------------+-------------------+-------------------------+-------------------------+---------------+---------------------+----------------+------------------+--------+------------------+------------------------+------------------------+--------------+---------------+-----------------+-------+---------------------+--------------------+---------------+-----------------+-------------+
; Pin           ; I/O Standard ; Near Tline Length ; Near Tline L per Length ; Near Tline C per Length ; Near Series R ; Near Differential R ; Near Pull-up R ; Near Pull-down R ; Near C ; Far Tline Length ; Far Tline L per Length ; Far Tline C per Length ; Far Series R ; Far Pull-up R ; Far Pull-down R ; Far C ; Termination Voltage ; Far Differential R ; EBD File Name ; EBD Signal Name ; EBD Far-end ;
+---------------+--------------+-------------------+-------------------------+-------------------------+---------------+---------------------+----------------+------------------+--------+------------------+------------------------+------------------------+--------------+---------------+-----------------+-------+---------------------+--------------------+---------------+-----------------+-------------+
; count[0]      ; 2.5 V        ; 0 in              ; 0 H/in                  ; 0 F/in                  ; short         ; -                   ; open           ; open             ; open   ; 0 in             ; 0 H/in                 ; 0 F/in                 ; short        ; open          ; open            ; open  ; 0 V                 ; -                  ; n/a           ; n/a             ; n/a         ;
; count[1]      ; 2.5 V        ; 0 in              ; 0 H/in                  ; 0 F/in                  ; short         ; -                   ; open           ; open             ; open   ; 0 in             ; 0 H/in                 ; 0 F/in                 ; short        ; open          ; open            ; open  ; 0 V                 ; -                  ; n/a           ; n/a             ; n/a         ;
; count[2]      ; 2.5 V        ; 0 in              ; 0 H/in                  ; 0 F/in                  ; short         ; -                   ; open           ; open             ; open   ; 0 in             ; 0 H/in                 ; 0 F/in                 ; short        ; open          ; open            ; open  ; 0 V                 ; -                  ; n/a           ; n/a             ; n/a         ;
; count[3]      ; 2.5 V        ; 0 in              ; 0 H/in                  ; 0 F/in                  ; short         ; -                   ; open           ; open             ; open   ; 0 in             ; 0 H/in                 ; 0 F/in                 ; short        ; open          ; open            ; open  ; 0 V                 ; -                  ; n/a           ; n/a             ; n/a         ;
; count[4]      ; 2.5 V        ; 0 in              ; 0 H/in                  ; 0 F/in                  ; short         ; -                   ; open           ; open             ; open   ; 0 in             ; 0 H/in                 ; 0 F/in                 ; short        ; open          ; open            ; open  ; 0 V                 ; -                  ; n/a           ; n/a             ; n/a         ;
; count[5]      ; 2.5 V        ; 0 in              ; 0 H/in                  ; 0 F/in                  ; short         ; -                   ; open           ; open             ; open   ; 0 in             ; 0 H/in                 ; 0 F/in                 ; short        ; open          ; open            ; open  ; 0 V                 ; -                  ; n/a           ; n/a             ; n/a         ;
; count[6]      ; 2.5 V        ; 0 in              ; 0 H/in                  ; 0 F/in                  ; short         ; -                   ; open           ; open             ; open   ; 0 in             ; 0 H/in                 ; 0 F/in                 ; short        ; open          ; open            ; open  ; 0 V                 ; -                  ; n/a           ; n/a             ; n/a         ;
; count[7]      ; 2.5 V        ; 0 in              ; 0 H/in                  ; 0 F/in                  ; short         ; -                   ; open           ; open             ; open   ; 0 in             ; 0 H/in                 ; 0 F/in                 ; short        ; open          ; open            ; open  ; 0 V                 ; -                  ; n/a           ; n/a             ; n/a         ;
; count[8]      ; 2.5 V        ; 0 in              ; 0 H/in                  ; 0 F/in                  ; short         ; -                   ; open           ; open             ; open   ; 0 in             ; 0 H/in                 ; 0 F/in                 ; short        ; open          ; open            ; open  ; 0 V                 ; -                  ; n/a           ; n/a             ; n/a         ;
; count[9]      ; 2.5 V        ; 0 in              ; 0 H/in                  ; 0 F/in                  ; short         ; -                   ; open           ; open             ; open   ; 0 in             ; 0 H/in                 ; 0 F/in                 ; short        ; open          ; open            ; open  ; 0 V                 ; -                  ; n/a           ; n/a             ; n/a         ;
; count[10]     ; 2.5 V        ; 0 in              ; 0 H/in                  ; 0 F/in                  ; short         ; -                   ; open           ; open             ; open   ; 0 in             ; 0 H/in                 ; 0 F/in                 ; short        ; open          ; open            ; open  ; 0 V                 ; -                  ; n/a           ; n/a             ; n/a         ;
; count[11]     ; 2.5 V        ; 0 in              ; 0 H/in                  ; 0 F/in                  ; short         ; -                   ; open           ; open             ; open   ; 0 in             ; 0 H/in                 ; 0 F/in                 ; short        ; open          ; open            ; open  ; 0 V                 ; -                  ; n/a           ; n/a             ; n/a         ;
; count[12]     ; 2.5 V        ; 0 in              ; 0 H/in                  ; 0 F/in                  ; short         ; -                   ; open           ; open             ; open   ; 0 in             ; 0 H/in                 ; 0 F/in                 ; short        ; open          ; open            ; open  ; 0 V                 ; -                  ; n/a           ; n/a             ; n/a         ;
; count[13]     ; 2.5 V        ; 0 in              ; 0 H/in                  ; 0 F/in                  ; short         ; -                   ; open           ; open             ; open   ; 0 in             ; 0 H/in                 ; 0 F/in                 ; short        ; open          ; open            ; open  ; 0 V                 ; -                  ; n/a           ; n/a             ; n/a         ;
; count[14]     ; 2.5 V        ; 0 in              ; 0 H/in                  ; 0 F/in                  ; short         ; -                   ; open           ; open             ; open   ; 0 in             ; 0 H/in                 ; 0 F/in                 ; short        ; open          ; open            ; open  ; 0 V                 ; -                  ; n/a           ; n/a             ; n/a         ;
; count[15]     ; 2.5 V        ; 0 in              ; 0 H/in                  ; 0 F/in                  ; short         ; -                   ; open           ; open             ; open   ; 0 in             ; 0 H/in                 ; 0 F/in                 ; short        ; open          ; open            ; open  ; 0 V                 ; -                  ; n/a           ; n/a             ; n/a         ;
; count[16]     ; 2.5 V        ; 0 in              ; 0 H/in                  ; 0 F/in                  ; short         ; -                   ; open           ; open             ; open   ; 0 in             ; 0 H/in                 ; 0 F/in                 ; short        ; open          ; open            ; open  ; 0 V                 ; -                  ; n/a           ; n/a             ; n/a         ;
; count[17]     ; 2.5 V        ; 0 in              ; 0 H/in                  ; 0 F/in                  ; short         ; -                   ; open           ; open             ; open   ; 0 in             ; 0 H/in                 ; 0 F/in                 ; short        ; open          ; open            ; open  ; 0 V                 ; -                  ; n/a           ; n/a             ; n/a         ;
; count[18]     ; 2.5 V        ; 0 in              ; 0 H/in                  ; 0 F/in                  ; short         ; -                   ; open           ; open             ; open   ; 0 in             ; 0 H/in                 ; 0 F/in                 ; short        ; open          ; open            ; open  ; 0 V                 ; -                  ; n/a           ; n/a             ; n/a         ;
; count[19]     ; 2.5 V        ; 0 in              ; 0 H/in                  ; 0 F/in                  ; short         ; -                   ; open           ; open             ; open   ; 0 in             ; 0 H/in                 ; 0 F/in                 ; short        ; open          ; open            ; open  ; 0 V                 ; -                  ; n/a           ; n/a             ; n/a         ;
; count[20]     ; 2.5 V        ; 0 in              ; 0 H/in                  ; 0 F/in                  ; short         ; -                   ; open           ; open             ; open   ; 0 in             ; 0 H/in                 ; 0 F/in                 ; short        ; open          ; open            ; open  ; 0 V                 ; -                  ; n/a           ; n/a             ; n/a         ;
; count[21]     ; 2.5 V        ; 0 in              ; 0 H/in                  ; 0 F/in                  ; short         ; -                   ; open           ; open             ; open   ; 0 in             ; 0 H/in                 ; 0 F/in                 ; short        ; open          ; open            ; open  ; 0 V                 ; -                  ; n/a           ; n/a             ; n/a         ;
; count[22]     ; 2.5 V        ; 0 in              ; 0 H/in                  ; 0 F/in                  ; short         ; -                   ; open           ; open             ; open   ; 0 in             ; 0 H/in                 ; 0 F/in                 ; short        ; open          ; open            ; open  ; 0 V                 ; -                  ; n/a           ; n/a             ; n/a         ;
; count[23]     ; 2.5 V        ; 0 in              ; 0 H/in                  ; 0 F/in                  ; short         ; -                   ; open           ; open             ; open   ; 0 in             ; 0 H/in                 ; 0 F/in                 ; short        ; open          ; open            ; open  ; 0 V                 ; -                  ; n/a           ; n/a             ; n/a         ;
; count[24]     ; 2.5 V        ; 0 in              ; 0 H/in                  ; 0 F/in                  ; short         ; -                   ; open           ; open             ; open   ; 0 in             ; 0 H/in                 ; 0 F/in                 ; short        ; open          ; open            ; open  ; 0 V                 ; -                  ; n/a           ; n/a             ; n/a         ;
; count[25]     ; 2.5 V        ; 0 in              ; 0 H/in                  ; 0 F/in                  ; short         ; -                   ; open           ; open             ; open   ; 0 in             ; 0 H/in                 ; 0 F/in                 ; short        ; open          ; open            ; open  ; 0 V                 ; -                  ; n/a           ; n/a             ; n/a         ;
; count[26]     ; 2.5 V        ; 0 in              ; 0 H/in                  ; 0 F/in                  ; short         ; -                   ; open           ; open             ; open   ; 0 in             ; 0 H/in                 ; 0 F/in                 ; short        ; open          ; open            ; open  ; 0 V                 ; -                  ; n/a           ; n/a             ; n/a         ;
; count[27]     ; 2.5 V        ; 0 in              ; 0 H/in                  ; 0 F/in                  ; short         ; -                   ; open           ; open             ; open   ; 0 in             ; 0 H/in                 ; 0 F/in                 ; short        ; open          ; open            ; open  ; 0 V                 ; -                  ; n/a           ; n/a             ; n/a         ;
; count[28]     ; 2.5 V        ; 0 in              ; 0 H/in                  ; 0 F/in                  ; short         ; -                   ; open           ; open             ; open   ; 0 in             ; 0 H/in                 ; 0 F/in                 ; short        ; open          ; open            ; open  ; 0 V                 ; -                  ; n/a           ; n/a             ; n/a         ;
; count[29]     ; 2.5 V        ; 0 in              ; 0 H/in                  ; 0 F/in                  ; short         ; -                   ; open           ; open             ; open   ; 0 in             ; 0 H/in                 ; 0 F/in                 ; short        ; open          ; open            ; open  ; 0 V                 ; -                  ; n/a           ; n/a             ; n/a         ;
; count[30]     ; 2.5 V        ; 0 in              ; 0 H/in                  ; 0 F/in                  ; short         ; -                   ; open           ; open             ; open   ; 0 in             ; 0 H/in                 ; 0 F/in                 ; short        ; open          ; open            ; open  ; 0 V                 ; -                  ; n/a           ; n/a             ; n/a         ;
; count[31]     ; 2.5 V        ; 0 in              ; 0 H/in                  ; 0 F/in                  ; short         ; -                   ; open           ; open             ; open   ; 0 in             ; 0 H/in                 ; 0 F/in                 ; short        ; open          ; open            ; open  ; 0 V                 ; -                  ; n/a           ; n/a             ; n/a         ;
; ~ALTERA_DCLK~ ; 2.5 V        ; 0 in              ; 0 H/in                  ; 0 F/in                  ; short         ; -                   ; open           ; open             ; open   ; 0 in             ; 0 H/in                 ; 0 F/in                 ; short        ; open          ; open            ; open  ; 0 V                 ; -                  ; n/a           ; n/a             ; n/a         ;
; ~ALTERA_nCEO~ ; 2.5 V        ; 0 in              ; 0 H/in                  ; 0 F/in                  ; short         ; -                   ; open           ; open             ; open   ; 0 in             ; 0 H/in                 ; 0 F/in                 ; short        ; open          ; open            ; open  ; 0 V                 ; -                  ; n/a           ; n/a             ; n/a         ;
+---------------+--------------+-------------------+-------------------------+-------------------------+---------------+---------------------+----------------+------------------+--------+------------------+------------------------+------------------------+--------------+---------------+-----------------+-------+---------------------+--------------------+---------------+-----------------+-------------+


+----------------------------------------------------------------------------+
; Input Transition Times                                                     ;
+-------------------------+--------------+-----------------+-----------------+
; Pin                     ; I/O Standard ; 10-90 Rise Time ; 90-10 Fall Time ;
+-------------------------+--------------+-----------------+-----------------+
; clk                     ; 2.5 V        ; 2000 ps         ; 2000 ps         ;
; reset                   ; 2.5 V        ; 2000 ps         ; 2000 ps         ;
; a                       ; 2.5 V        ; 2000 ps         ; 2000 ps         ;
; b                       ; 2.5 V        ; 2000 ps         ; 2000 ps         ;
; ~ALTERA_ASDO_DATA1~     ; 2.5 V        ; 2000 ps         ; 2000 ps         ;
; ~ALTERA_FLASH_nCE_nCSO~ ; 2.5 V        ; 2000 ps         ; 2000 ps         ;
; ~ALTERA_DATA0~          ; 2.5 V        ; 2000 ps         ; 2000 ps         ;
+-------------------------+--------------+-----------------+-----------------+


+--------------------------------------------------------------------------------------------------------------------------------------------------------------------------------------------------------------------------------------------------------------------------------------------------------------------------------------------------------------------------------------------------------------------------------------------------------------------------------------------------------------------------------------------------------------------------------------------------------------------------------------------------------------------------------------------+
; Signal Integrity Metrics (Slow 1200mv n40c Model)                                                                                                                                                                                                                                                                                                                                                                                                                                                                                                                                                                                                                                          ;
+---------------+--------------+---------------------+---------------------+------------------------------+------------------------------+---------------------+---------------------+--------------------------------------+--------------------------------------+-----------------------------+-----------------------------+----------------------------+----------------------------+-----------------------------+-----------------------------+--------------------+--------------------+-------------------------------------+-------------------------------------+----------------------------+----------------------------+---------------------------+---------------------------+
; Pin           ; I/O Standard ; Board Delay on Rise ; Board Delay on Fall ; Steady State Voh at FPGA Pin ; Steady State Vol at FPGA Pin ; Voh Max at FPGA Pin ; Vol Min at FPGA Pin ; Ringback Voltage on Rise at FPGA Pin ; Ringback Voltage on Fall at FPGA Pin ; 10-90 Rise Time at FPGA Pin ; 90-10 Fall Time at FPGA Pin ; Monotonic Rise at FPGA Pin ; Monotonic Fall at FPGA Pin ; Steady State Voh at Far-end ; Steady State Vol at Far-end ; Voh Max at Far-end ; Vol Min at Far-end ; Ringback Voltage on Rise at Far-end ; Ringback Voltage on Fall at Far-end ; 10-90 Rise Time at Far-end ; 90-10 Fall Time at Far-end ; Monotonic Rise at Far-end ; Monotonic Fall at Far-end ;
+---------------+--------------+---------------------+---------------------+------------------------------+------------------------------+---------------------+---------------------+--------------------------------------+--------------------------------------+-----------------------------+-----------------------------+----------------------------+----------------------------+-----------------------------+-----------------------------+--------------------+--------------------+-------------------------------------+-------------------------------------+----------------------------+----------------------------+---------------------------+---------------------------+
; count[0]      ; 2.5 V        ; 0 s                 ; 0 s                 ; 2.32 V                       ; 1.74e-09 V                   ; 2.4 V               ; -0.0195 V           ; 0.196 V                              ; 0.023 V                              ; 2.87e-10 s                  ; 3.09e-10 s                  ; Yes                        ; Yes                        ; 2.32 V                      ; 1.74e-09 V                  ; 2.4 V              ; -0.0195 V          ; 0.196 V                             ; 0.023 V                             ; 2.87e-10 s                 ; 3.09e-10 s                 ; Yes                       ; Yes                       ;
; count[1]      ; 2.5 V        ; 0 s                 ; 0 s                 ; 2.32 V                       ; 1.74e-09 V                   ; 2.4 V               ; -0.0195 V           ; 0.196 V                              ; 0.023 V                              ; 2.87e-10 s                  ; 3.09e-10 s                  ; Yes                        ; Yes                        ; 2.32 V                      ; 1.74e-09 V                  ; 2.4 V              ; -0.0195 V          ; 0.196 V                             ; 0.023 V                             ; 2.87e-10 s                 ; 3.09e-10 s                 ; Yes                       ; Yes                       ;
; count[2]      ; 2.5 V        ; 0 s                 ; 0 s                 ; 2.32 V                       ; 1.74e-09 V                   ; 2.4 V               ; -0.0195 V           ; 0.196 V                              ; 0.023 V                              ; 2.87e-10 s                  ; 3.09e-10 s                  ; Yes                        ; Yes                        ; 2.32 V                      ; 1.74e-09 V                  ; 2.4 V              ; -0.0195 V          ; 0.196 V                             ; 0.023 V                             ; 2.87e-10 s                 ; 3.09e-10 s                 ; Yes                       ; Yes                       ;
; count[3]      ; 2.5 V        ; 0 s                 ; 0 s                 ; 2.32 V                       ; 1.74e-09 V                   ; 2.4 V               ; -0.0195 V           ; 0.196 V                              ; 0.023 V                              ; 2.87e-10 s                  ; 3.09e-10 s                  ; Yes                        ; Yes                        ; 2.32 V                      ; 1.74e-09 V                  ; 2.4 V              ; -0.0195 V          ; 0.196 V                             ; 0.023 V                             ; 2.87e-10 s                 ; 3.09e-10 s                 ; Yes                       ; Yes                       ;
; count[4]      ; 2.5 V        ; 0 s                 ; 0 s                 ; 2.32 V                       ; 1.74e-09 V                   ; 2.4 V               ; -0.0195 V           ; 0.196 V                              ; 0.023 V                              ; 2.87e-10 s                  ; 3.09e-10 s                  ; Yes                        ; Yes                        ; 2.32 V                      ; 1.74e-09 V                  ; 2.4 V              ; -0.0195 V          ; 0.196 V                             ; 0.023 V                             ; 2.87e-10 s                 ; 3.09e-10 s                 ; Yes                       ; Yes                       ;
; count[5]      ; 2.5 V        ; 0 s                 ; 0 s                 ; 2.32 V                       ; 1.74e-09 V                   ; 2.4 V               ; -0.0195 V           ; 0.196 V                              ; 0.023 V                              ; 2.87e-10 s                  ; 3.09e-10 s                  ; Yes                        ; Yes                        ; 2.32 V                      ; 1.74e-09 V                  ; 2.4 V              ; -0.0195 V          ; 0.196 V                             ; 0.023 V                             ; 2.87e-10 s                 ; 3.09e-10 s                 ; Yes                       ; Yes                       ;
; count[6]      ; 2.5 V        ; 0 s                 ; 0 s                 ; 2.32 V                       ; 1.4e-09 V                    ; 2.39 V              ; -0.0122 V           ; 0.154 V                              ; 0.017 V                              ; 4.74e-10 s                  ; 4.5e-10 s                   ; No                         ; Yes                        ; 2.32 V                      ; 1.4e-09 V                   ; 2.39 V             ; -0.0122 V          ; 0.154 V                             ; 0.017 V                             ; 4.74e-10 s                 ; 4.5e-10 s                  ; No                        ; Yes                       ;
; count[7]      ; 2.5 V        ; 0 s                 ; 0 s                 ; 2.32 V                       ; 1.74e-09 V                   ; 2.34 V              ; -0.00643 V          ; 0.21 V                               ; 0.072 V                              ; 2.63e-09 s                  ; 2.47e-09 s                  ; No                         ; Yes                        ; 2.32 V                      ; 1.74e-09 V                  ; 2.34 V             ; -0.00643 V         ; 0.21 V                              ; 0.072 V                             ; 2.63e-09 s                 ; 2.47e-09 s                 ; No                        ; Yes                       ;
; count[8]      ; 2.5 V        ; 0 s                 ; 0 s                 ; 2.32 V                       ; 1.74e-09 V                   ; 2.4 V               ; -0.0195 V           ; 0.196 V                              ; 0.023 V                              ; 2.87e-10 s                  ; 3.09e-10 s                  ; Yes                        ; Yes                        ; 2.32 V                      ; 1.74e-09 V                  ; 2.4 V              ; -0.0195 V          ; 0.196 V                             ; 0.023 V                             ; 2.87e-10 s                 ; 3.09e-10 s                 ; Yes                       ; Yes                       ;
; count[9]      ; 2.5 V        ; 0 s                 ; 0 s                 ; 2.32 V                       ; 1.74e-09 V                   ; 2.34 V              ; -0.00643 V          ; 0.21 V                               ; 0.072 V                              ; 2.63e-09 s                  ; 2.47e-09 s                  ; No                         ; Yes                        ; 2.32 V                      ; 1.74e-09 V                  ; 2.34 V             ; -0.00643 V         ; 0.21 V                              ; 0.072 V                             ; 2.63e-09 s                 ; 2.47e-09 s                 ; No                        ; Yes                       ;
; count[10]     ; 2.5 V        ; 0 s                 ; 0 s                 ; 2.32 V                       ; 1.4e-09 V                    ; 2.4 V               ; -0.0306 V           ; 0.178 V                              ; 0.087 V                              ; 2.81e-10 s                  ; 2.95e-10 s                  ; Yes                        ; Yes                        ; 2.32 V                      ; 1.4e-09 V                   ; 2.4 V              ; -0.0306 V          ; 0.178 V                             ; 0.087 V                             ; 2.81e-10 s                 ; 2.95e-10 s                 ; Yes                       ; Yes                       ;
; count[11]     ; 2.5 V        ; 0 s                 ; 0 s                 ; 2.32 V                       ; 1.74e-09 V                   ; 2.4 V               ; -0.0195 V           ; 0.196 V                              ; 0.023 V                              ; 2.87e-10 s                  ; 3.09e-10 s                  ; Yes                        ; Yes                        ; 2.32 V                      ; 1.74e-09 V                  ; 2.4 V              ; -0.0195 V          ; 0.196 V                             ; 0.023 V                             ; 2.87e-10 s                 ; 3.09e-10 s                 ; Yes                       ; Yes                       ;
; count[12]     ; 2.5 V        ; 0 s                 ; 0 s                 ; 2.32 V                       ; 1.74e-09 V                   ; 2.4 V               ; -0.0195 V           ; 0.196 V                              ; 0.023 V                              ; 2.87e-10 s                  ; 3.09e-10 s                  ; Yes                        ; Yes                        ; 2.32 V                      ; 1.74e-09 V                  ; 2.4 V              ; -0.0195 V          ; 0.196 V                             ; 0.023 V                             ; 2.87e-10 s                 ; 3.09e-10 s                 ; Yes                       ; Yes                       ;
; count[13]     ; 2.5 V        ; 0 s                 ; 0 s                 ; 2.32 V                       ; 1.4e-09 V                    ; 2.34 V              ; -0.00664 V          ; 0.204 V                              ; 0.106 V                              ; 2.63e-09 s                  ; 2.46e-09 s                  ; No                         ; Yes                        ; 2.32 V                      ; 1.4e-09 V                   ; 2.34 V             ; -0.00664 V         ; 0.204 V                             ; 0.106 V                             ; 2.63e-09 s                 ; 2.46e-09 s                 ; No                        ; Yes                       ;
; count[14]     ; 2.5 V        ; 0 s                 ; 0 s                 ; 2.32 V                       ; 1.4e-09 V                    ; 2.39 V              ; -0.0122 V           ; 0.154 V                              ; 0.017 V                              ; 4.74e-10 s                  ; 4.5e-10 s                   ; No                         ; Yes                        ; 2.32 V                      ; 1.4e-09 V                   ; 2.39 V             ; -0.0122 V          ; 0.154 V                             ; 0.017 V                             ; 4.74e-10 s                 ; 4.5e-10 s                  ; No                        ; Yes                       ;
; count[15]     ; 2.5 V        ; 0 s                 ; 0 s                 ; 2.32 V                       ; 1.74e-09 V                   ; 2.4 V               ; -0.0195 V           ; 0.196 V                              ; 0.023 V                              ; 2.87e-10 s                  ; 3.09e-10 s                  ; Yes                        ; Yes                        ; 2.32 V                      ; 1.74e-09 V                  ; 2.4 V              ; -0.0195 V          ; 0.196 V                             ; 0.023 V                             ; 2.87e-10 s                 ; 3.09e-10 s                 ; Yes                       ; Yes                       ;
; count[16]     ; 2.5 V        ; 0 s                 ; 0 s                 ; 2.32 V                       ; 1.4e-09 V                    ; 2.39 V              ; -0.0122 V           ; 0.154 V                              ; 0.017 V                              ; 4.74e-10 s                  ; 4.5e-10 s                   ; No                         ; Yes                        ; 2.32 V                      ; 1.4e-09 V                   ; 2.39 V             ; -0.0122 V          ; 0.154 V                             ; 0.017 V                             ; 4.74e-10 s                 ; 4.5e-10 s                  ; No                        ; Yes                       ;
; count[17]     ; 2.5 V        ; 0 s                 ; 0 s                 ; 2.32 V                       ; 1.74e-09 V                   ; 2.4 V               ; -0.0195 V           ; 0.196 V                              ; 0.023 V                              ; 2.87e-10 s                  ; 3.09e-10 s                  ; Yes                        ; Yes                        ; 2.32 V                      ; 1.74e-09 V                  ; 2.4 V              ; -0.0195 V          ; 0.196 V                             ; 0.023 V                             ; 2.87e-10 s                 ; 3.09e-10 s                 ; Yes                       ; Yes                       ;
; count[18]     ; 2.5 V        ; 0 s                 ; 0 s                 ; 2.32 V                       ; 1.74e-09 V                   ; 2.4 V               ; -0.0195 V           ; 0.196 V                              ; 0.023 V                              ; 2.87e-10 s                  ; 3.09e-10 s                  ; Yes                        ; Yes                        ; 2.32 V                      ; 1.74e-09 V                  ; 2.4 V              ; -0.0195 V          ; 0.196 V                             ; 0.023 V                             ; 2.87e-10 s                 ; 3.09e-10 s                 ; Yes                       ; Yes                       ;
; count[19]     ; 2.5 V        ; 0 s                 ; 0 s                 ; 2.32 V                       ; 1.74e-09 V                   ; 2.4 V               ; -0.0195 V           ; 0.196 V                              ; 0.023 V                              ; 2.87e-10 s                  ; 3.09e-10 s                  ; Yes                        ; Yes                        ; 2.32 V                      ; 1.74e-09 V                  ; 2.4 V              ; -0.0195 V          ; 0.196 V                             ; 0.023 V                             ; 2.87e-10 s                 ; 3.09e-10 s                 ; Yes                       ; Yes                       ;
; count[20]     ; 2.5 V        ; 0 s                 ; 0 s                 ; 2.32 V                       ; 1.74e-09 V                   ; 2.4 V               ; -0.0195 V           ; 0.196 V                              ; 0.023 V                              ; 2.87e-10 s                  ; 3.09e-10 s                  ; Yes                        ; Yes                        ; 2.32 V                      ; 1.74e-09 V                  ; 2.4 V              ; -0.0195 V          ; 0.196 V                             ; 0.023 V                             ; 2.87e-10 s                 ; 3.09e-10 s                 ; Yes                       ; Yes                       ;
; count[21]     ; 2.5 V        ; 0 s                 ; 0 s                 ; 2.32 V                       ; 1.74e-09 V                   ; 2.4 V               ; -0.0195 V           ; 0.196 V                              ; 0.023 V                              ; 2.87e-10 s                  ; 3.09e-10 s                  ; Yes                        ; Yes                        ; 2.32 V                      ; 1.74e-09 V                  ; 2.4 V              ; -0.0195 V          ; 0.196 V                             ; 0.023 V                             ; 2.87e-10 s                 ; 3.09e-10 s                 ; Yes                       ; Yes                       ;
; count[22]     ; 2.5 V        ; 0 s                 ; 0 s                 ; 2.32 V                       ; 1.74e-09 V                   ; 2.4 V               ; -0.0195 V           ; 0.196 V                              ; 0.023 V                              ; 2.87e-10 s                  ; 3.09e-10 s                  ; Yes                        ; Yes                        ; 2.32 V                      ; 1.74e-09 V                  ; 2.4 V              ; -0.0195 V          ; 0.196 V                             ; 0.023 V                             ; 2.87e-10 s                 ; 3.09e-10 s                 ; Yes                       ; Yes                       ;
; count[23]     ; 2.5 V        ; 0 s                 ; 0 s                 ; 2.32 V                       ; 1.4e-09 V                    ; 2.39 V              ; -0.0122 V           ; 0.154 V                              ; 0.017 V                              ; 4.74e-10 s                  ; 4.5e-10 s                   ; No                         ; Yes                        ; 2.32 V                      ; 1.4e-09 V                   ; 2.39 V             ; -0.0122 V          ; 0.154 V                             ; 0.017 V                             ; 4.74e-10 s                 ; 4.5e-10 s                  ; No                        ; Yes                       ;
; count[24]     ; 2.5 V        ; 0 s                 ; 0 s                 ; 2.32 V                       ; 1.4e-09 V                    ; 2.39 V              ; -0.0122 V           ; 0.154 V                              ; 0.017 V                              ; 4.74e-10 s                  ; 4.5e-10 s                   ; No                         ; Yes                        ; 2.32 V                      ; 1.4e-09 V                   ; 2.39 V             ; -0.0122 V          ; 0.154 V                             ; 0.017 V                             ; 4.74e-10 s                 ; 4.5e-10 s                  ; No                        ; Yes                       ;
; count[25]     ; 2.5 V        ; 0 s                 ; 0 s                 ; 2.32 V                       ; 1.4e-09 V                    ; 2.4 V               ; -0.0306 V           ; 0.178 V                              ; 0.087 V                              ; 2.81e-10 s                  ; 2.95e-10 s                  ; Yes                        ; Yes                        ; 2.32 V                      ; 1.4e-09 V                   ; 2.4 V              ; -0.0306 V          ; 0.178 V                             ; 0.087 V                             ; 2.81e-10 s                 ; 2.95e-10 s                 ; Yes                       ; Yes                       ;
; count[26]     ; 2.5 V        ; 0 s                 ; 0 s                 ; 2.32 V                       ; 1.4e-09 V                    ; 2.39 V              ; -0.0122 V           ; 0.154 V                              ; 0.017 V                              ; 4.74e-10 s                  ; 4.5e-10 s                   ; No                         ; Yes                        ; 2.32 V                      ; 1.4e-09 V                   ; 2.39 V             ; -0.0122 V          ; 0.154 V                             ; 0.017 V                             ; 4.74e-10 s                 ; 4.5e-10 s                  ; No                        ; Yes                       ;
; count[27]     ; 2.5 V        ; 0 s                 ; 0 s                 ; 2.32 V                       ; 1.74e-09 V                   ; 2.4 V               ; -0.0195 V           ; 0.196 V                              ; 0.023 V                              ; 2.87e-10 s                  ; 3.09e-10 s                  ; Yes                        ; Yes                        ; 2.32 V                      ; 1.74e-09 V                  ; 2.4 V              ; -0.0195 V          ; 0.196 V                             ; 0.023 V                             ; 2.87e-10 s                 ; 3.09e-10 s                 ; Yes                       ; Yes                       ;
; count[28]     ; 2.5 V        ; 0 s                 ; 0 s                 ; 2.32 V                       ; 1.4e-09 V                    ; 2.39 V              ; -0.0122 V           ; 0.154 V                              ; 0.017 V                              ; 4.74e-10 s                  ; 4.5e-10 s                   ; No                         ; Yes                        ; 2.32 V                      ; 1.4e-09 V                   ; 2.39 V             ; -0.0122 V          ; 0.154 V                             ; 0.017 V                             ; 4.74e-10 s                 ; 4.5e-10 s                  ; No                        ; Yes                       ;
; count[29]     ; 2.5 V        ; 0 s                 ; 0 s                 ; 2.32 V                       ; 1.4e-09 V                    ; 2.39 V              ; -0.0122 V           ; 0.154 V                              ; 0.017 V                              ; 4.74e-10 s                  ; 4.5e-10 s                   ; No                         ; Yes                        ; 2.32 V                      ; 1.4e-09 V                   ; 2.39 V             ; -0.0122 V          ; 0.154 V                             ; 0.017 V                             ; 4.74e-10 s                 ; 4.5e-10 s                  ; No                        ; Yes                       ;
; count[30]     ; 2.5 V        ; 0 s                 ; 0 s                 ; 2.32 V                       ; 1.4e-09 V                    ; 2.4 V               ; -0.0306 V           ; 0.178 V                              ; 0.087 V                              ; 2.81e-10 s                  ; 2.95e-10 s                  ; Yes                        ; Yes                        ; 2.32 V                      ; 1.4e-09 V                   ; 2.4 V              ; -0.0306 V          ; 0.178 V                             ; 0.087 V                             ; 2.81e-10 s                 ; 2.95e-10 s                 ; Yes                       ; Yes                       ;
; count[31]     ; 2.5 V        ; 0 s                 ; 0 s                 ; 2.32 V                       ; 1.74e-09 V                   ; 2.4 V               ; -0.0195 V           ; 0.196 V                              ; 0.023 V                              ; 2.87e-10 s                  ; 3.09e-10 s                  ; Yes                        ; Yes                        ; 2.32 V                      ; 1.74e-09 V                  ; 2.4 V              ; -0.0195 V          ; 0.196 V                             ; 0.023 V                             ; 2.87e-10 s                 ; 3.09e-10 s                 ; Yes                       ; Yes                       ;
; ~ALTERA_DCLK~ ; 2.5 V        ; 0 s                 ; 0 s                 ; 2.32 V                       ; 1.16e-09 V                   ; 2.39 V              ; -0.0798 V           ; 0.13 V                               ; 0.103 V                              ; 2.71e-10 s                  ; 2.5e-10 s                   ; Yes                        ; Yes                        ; 2.32 V                      ; 1.16e-09 V                  ; 2.39 V             ; -0.0798 V          ; 0.13 V                              ; 0.103 V                             ; 2.71e-10 s                 ; 2.5e-10 s                  ; Yes                       ; Yes                       ;
; ~ALTERA_nCEO~ ; 2.5 V        ; 0 s                 ; 0 s                 ; 2.32 V                       ; 1.64e-09 V                   ; 2.39 V              ; -0.00331 V          ; 0.132 V                              ; 0.006 V                              ; 4.59e-10 s                  ; 5.62e-10 s                  ; No                         ; Yes                        ; 2.32 V                      ; 1.64e-09 V                  ; 2.39 V             ; -0.00331 V         ; 0.132 V                             ; 0.006 V                             ; 4.59e-10 s                 ; 5.62e-10 s                 ; No                        ; Yes                       ;
+---------------+--------------+---------------------+---------------------+------------------------------+------------------------------+---------------------+---------------------+--------------------------------------+--------------------------------------+-----------------------------+-----------------------------+----------------------------+----------------------------+-----------------------------+-----------------------------+--------------------+--------------------+-------------------------------------+-------------------------------------+----------------------------+----------------------------+---------------------------+---------------------------+


+--------------------------------------------------------------------------------------------------------------------------------------------------------------------------------------------------------------------------------------------------------------------------------------------------------------------------------------------------------------------------------------------------------------------------------------------------------------------------------------------------------------------------------------------------------------------------------------------------------------------------------------------------------------------------------------------+
; Signal Integrity Metrics (Slow 1200mv 125c Model)                                                                                                                                                                                                                                                                                                                                                                                                                                                                                                                                                                                                                                          ;
+---------------+--------------+---------------------+---------------------+------------------------------+------------------------------+---------------------+---------------------+--------------------------------------+--------------------------------------+-----------------------------+-----------------------------+----------------------------+----------------------------+-----------------------------+-----------------------------+--------------------+--------------------+-------------------------------------+-------------------------------------+----------------------------+----------------------------+---------------------------+---------------------------+
; Pin           ; I/O Standard ; Board Delay on Rise ; Board Delay on Fall ; Steady State Voh at FPGA Pin ; Steady State Vol at FPGA Pin ; Voh Max at FPGA Pin ; Vol Min at FPGA Pin ; Ringback Voltage on Rise at FPGA Pin ; Ringback Voltage on Fall at FPGA Pin ; 10-90 Rise Time at FPGA Pin ; 90-10 Fall Time at FPGA Pin ; Monotonic Rise at FPGA Pin ; Monotonic Fall at FPGA Pin ; Steady State Voh at Far-end ; Steady State Vol at Far-end ; Voh Max at Far-end ; Vol Min at Far-end ; Ringback Voltage on Rise at Far-end ; Ringback Voltage on Fall at Far-end ; 10-90 Rise Time at Far-end ; 90-10 Fall Time at Far-end ; Monotonic Rise at Far-end ; Monotonic Fall at Far-end ;
+---------------+--------------+---------------------+---------------------+------------------------------+------------------------------+---------------------+---------------------+--------------------------------------+--------------------------------------+-----------------------------+-----------------------------+----------------------------+----------------------------+-----------------------------+-----------------------------+--------------------+--------------------+-------------------------------------+-------------------------------------+----------------------------+----------------------------+---------------------------+---------------------------+
; count[0]      ; 2.5 V        ; 0 s                 ; 0 s                 ; 2.32 V                       ; 4.32e-06 V                   ; 2.35 V              ; -0.0124 V           ; 0.057 V                              ; 0.05 V                               ; 4.87e-10 s                  ; 5.02e-10 s                  ; Yes                        ; Yes                        ; 2.32 V                      ; 4.32e-06 V                  ; 2.35 V             ; -0.0124 V          ; 0.057 V                             ; 0.05 V                              ; 4.87e-10 s                 ; 5.02e-10 s                 ; Yes                       ; Yes                       ;
; count[1]      ; 2.5 V        ; 0 s                 ; 0 s                 ; 2.32 V                       ; 4.32e-06 V                   ; 2.35 V              ; -0.0124 V           ; 0.057 V                              ; 0.05 V                               ; 4.87e-10 s                  ; 5.02e-10 s                  ; Yes                        ; Yes                        ; 2.32 V                      ; 4.32e-06 V                  ; 2.35 V             ; -0.0124 V          ; 0.057 V                             ; 0.05 V                              ; 4.87e-10 s                 ; 5.02e-10 s                 ; Yes                       ; Yes                       ;
; count[2]      ; 2.5 V        ; 0 s                 ; 0 s                 ; 2.32 V                       ; 4.32e-06 V                   ; 2.35 V              ; -0.0124 V           ; 0.057 V                              ; 0.05 V                               ; 4.87e-10 s                  ; 5.02e-10 s                  ; Yes                        ; Yes                        ; 2.32 V                      ; 4.32e-06 V                  ; 2.35 V             ; -0.0124 V          ; 0.057 V                             ; 0.05 V                              ; 4.87e-10 s                 ; 5.02e-10 s                 ; Yes                       ; Yes                       ;
; count[3]      ; 2.5 V        ; 0 s                 ; 0 s                 ; 2.32 V                       ; 4.32e-06 V                   ; 2.35 V              ; -0.0124 V           ; 0.057 V                              ; 0.05 V                               ; 4.87e-10 s                  ; 5.02e-10 s                  ; Yes                        ; Yes                        ; 2.32 V                      ; 4.32e-06 V                  ; 2.35 V             ; -0.0124 V          ; 0.057 V                             ; 0.05 V                              ; 4.87e-10 s                 ; 5.02e-10 s                 ; Yes                       ; Yes                       ;
; count[4]      ; 2.5 V        ; 0 s                 ; 0 s                 ; 2.32 V                       ; 4.32e-06 V                   ; 2.35 V              ; -0.0124 V           ; 0.057 V                              ; 0.05 V                               ; 4.87e-10 s                  ; 5.02e-10 s                  ; Yes                        ; Yes                        ; 2.32 V                      ; 4.32e-06 V                  ; 2.35 V             ; -0.0124 V          ; 0.057 V                             ; 0.05 V                              ; 4.87e-10 s                 ; 5.02e-10 s                 ; Yes                       ; Yes                       ;
; count[5]      ; 2.5 V        ; 0 s                 ; 0 s                 ; 2.32 V                       ; 4.32e-06 V                   ; 2.35 V              ; -0.0124 V           ; 0.057 V                              ; 0.05 V                               ; 4.87e-10 s                  ; 5.02e-10 s                  ; Yes                        ; Yes                        ; 2.32 V                      ; 4.32e-06 V                  ; 2.35 V             ; -0.0124 V          ; 0.057 V                             ; 0.05 V                              ; 4.87e-10 s                 ; 5.02e-10 s                 ; Yes                       ; Yes                       ;
; count[6]      ; 2.5 V        ; 0 s                 ; 0 s                 ; 2.32 V                       ; 2.91e-06 V                   ; 2.34 V              ; -0.0096 V           ; 0.063 V                              ; 0.023 V                              ; 6.92e-10 s                  ; 6.75e-10 s                  ; Yes                        ; Yes                        ; 2.32 V                      ; 2.91e-06 V                  ; 2.34 V             ; -0.0096 V          ; 0.063 V                             ; 0.023 V                             ; 6.92e-10 s                 ; 6.75e-10 s                 ; Yes                       ; Yes                       ;
; count[7]      ; 2.5 V        ; 0 s                 ; 0 s                 ; 2.32 V                       ; 4.32e-06 V                   ; 2.33 V              ; -0.00204 V          ; 0.094 V                              ; 0.055 V                              ; 3.78e-09 s                  ; 3.62e-09 s                  ; Yes                        ; Yes                        ; 2.32 V                      ; 4.32e-06 V                  ; 2.33 V             ; -0.00204 V         ; 0.094 V                             ; 0.055 V                             ; 3.78e-09 s                 ; 3.62e-09 s                 ; Yes                       ; Yes                       ;
; count[8]      ; 2.5 V        ; 0 s                 ; 0 s                 ; 2.32 V                       ; 4.32e-06 V                   ; 2.35 V              ; -0.0124 V           ; 0.057 V                              ; 0.05 V                               ; 4.87e-10 s                  ; 5.02e-10 s                  ; Yes                        ; Yes                        ; 2.32 V                      ; 4.32e-06 V                  ; 2.35 V             ; -0.0124 V          ; 0.057 V                             ; 0.05 V                              ; 4.87e-10 s                 ; 5.02e-10 s                 ; Yes                       ; Yes                       ;
; count[9]      ; 2.5 V        ; 0 s                 ; 0 s                 ; 2.32 V                       ; 4.32e-06 V                   ; 2.33 V              ; -0.00204 V          ; 0.094 V                              ; 0.055 V                              ; 3.78e-09 s                  ; 3.62e-09 s                  ; Yes                        ; Yes                        ; 2.32 V                      ; 4.32e-06 V                  ; 2.33 V             ; -0.00204 V         ; 0.094 V                             ; 0.055 V                             ; 3.78e-09 s                 ; 3.62e-09 s                 ; Yes                       ; Yes                       ;
; count[10]     ; 2.5 V        ; 0 s                 ; 0 s                 ; 2.32 V                       ; 2.91e-06 V                   ; 2.35 V              ; -0.00923 V          ; 0.127 V                              ; 0.041 V                              ; 4.74e-10 s                  ; 4.81e-10 s                  ; Yes                        ; Yes                        ; 2.32 V                      ; 2.91e-06 V                  ; 2.35 V             ; -0.00923 V         ; 0.127 V                             ; 0.041 V                             ; 4.74e-10 s                 ; 4.81e-10 s                 ; Yes                       ; Yes                       ;
; count[11]     ; 2.5 V        ; 0 s                 ; 0 s                 ; 2.32 V                       ; 4.32e-06 V                   ; 2.35 V              ; -0.0124 V           ; 0.057 V                              ; 0.05 V                               ; 4.87e-10 s                  ; 5.02e-10 s                  ; Yes                        ; Yes                        ; 2.32 V                      ; 4.32e-06 V                  ; 2.35 V             ; -0.0124 V          ; 0.057 V                             ; 0.05 V                              ; 4.87e-10 s                 ; 5.02e-10 s                 ; Yes                       ; Yes                       ;
; count[12]     ; 2.5 V        ; 0 s                 ; 0 s                 ; 2.32 V                       ; 4.32e-06 V                   ; 2.35 V              ; -0.0124 V           ; 0.057 V                              ; 0.05 V                               ; 4.87e-10 s                  ; 5.02e-10 s                  ; Yes                        ; Yes                        ; 2.32 V                      ; 4.32e-06 V                  ; 2.35 V             ; -0.0124 V          ; 0.057 V                             ; 0.05 V                              ; 4.87e-10 s                 ; 5.02e-10 s                 ; Yes                       ; Yes                       ;
; count[13]     ; 2.5 V        ; 0 s                 ; 0 s                 ; 2.32 V                       ; 2.91e-06 V                   ; 2.33 V              ; -0.00204 V          ; 0.091 V                              ; 0.053 V                              ; 3.77e-09 s                  ; 3.59e-09 s                  ; Yes                        ; Yes                        ; 2.32 V                      ; 2.91e-06 V                  ; 2.33 V             ; -0.00204 V         ; 0.091 V                             ; 0.053 V                             ; 3.77e-09 s                 ; 3.59e-09 s                 ; Yes                       ; Yes                       ;
; count[14]     ; 2.5 V        ; 0 s                 ; 0 s                 ; 2.32 V                       ; 2.91e-06 V                   ; 2.34 V              ; -0.0096 V           ; 0.063 V                              ; 0.023 V                              ; 6.92e-10 s                  ; 6.75e-10 s                  ; Yes                        ; Yes                        ; 2.32 V                      ; 2.91e-06 V                  ; 2.34 V             ; -0.0096 V          ; 0.063 V                             ; 0.023 V                             ; 6.92e-10 s                 ; 6.75e-10 s                 ; Yes                       ; Yes                       ;
; count[15]     ; 2.5 V        ; 0 s                 ; 0 s                 ; 2.32 V                       ; 4.32e-06 V                   ; 2.35 V              ; -0.0124 V           ; 0.057 V                              ; 0.05 V                               ; 4.87e-10 s                  ; 5.02e-10 s                  ; Yes                        ; Yes                        ; 2.32 V                      ; 4.32e-06 V                  ; 2.35 V             ; -0.0124 V          ; 0.057 V                             ; 0.05 V                              ; 4.87e-10 s                 ; 5.02e-10 s                 ; Yes                       ; Yes                       ;
; count[16]     ; 2.5 V        ; 0 s                 ; 0 s                 ; 2.32 V                       ; 2.91e-06 V                   ; 2.34 V              ; -0.0096 V           ; 0.063 V                              ; 0.023 V                              ; 6.92e-10 s                  ; 6.75e-10 s                  ; Yes                        ; Yes                        ; 2.32 V                      ; 2.91e-06 V                  ; 2.34 V             ; -0.0096 V          ; 0.063 V                             ; 0.023 V                             ; 6.92e-10 s                 ; 6.75e-10 s                 ; Yes                       ; Yes                       ;
; count[17]     ; 2.5 V        ; 0 s                 ; 0 s                 ; 2.32 V                       ; 4.32e-06 V                   ; 2.35 V              ; -0.0124 V           ; 0.057 V                              ; 0.05 V                               ; 4.87e-10 s                  ; 5.02e-10 s                  ; Yes                        ; Yes                        ; 2.32 V                      ; 4.32e-06 V                  ; 2.35 V             ; -0.0124 V          ; 0.057 V                             ; 0.05 V                              ; 4.87e-10 s                 ; 5.02e-10 s                 ; Yes                       ; Yes                       ;
; count[18]     ; 2.5 V        ; 0 s                 ; 0 s                 ; 2.32 V                       ; 4.32e-06 V                   ; 2.35 V              ; -0.0124 V           ; 0.057 V                              ; 0.05 V                               ; 4.87e-10 s                  ; 5.02e-10 s                  ; Yes                        ; Yes                        ; 2.32 V                      ; 4.32e-06 V                  ; 2.35 V             ; -0.0124 V          ; 0.057 V                             ; 0.05 V                              ; 4.87e-10 s                 ; 5.02e-10 s                 ; Yes                       ; Yes                       ;
; count[19]     ; 2.5 V        ; 0 s                 ; 0 s                 ; 2.32 V                       ; 4.32e-06 V                   ; 2.35 V              ; -0.0124 V           ; 0.057 V                              ; 0.05 V                               ; 4.87e-10 s                  ; 5.02e-10 s                  ; Yes                        ; Yes                        ; 2.32 V                      ; 4.32e-06 V                  ; 2.35 V             ; -0.0124 V          ; 0.057 V                             ; 0.05 V                              ; 4.87e-10 s                 ; 5.02e-10 s                 ; Yes                       ; Yes                       ;
; count[20]     ; 2.5 V        ; 0 s                 ; 0 s                 ; 2.32 V                       ; 4.32e-06 V                   ; 2.35 V              ; -0.0124 V           ; 0.057 V                              ; 0.05 V                               ; 4.87e-10 s                  ; 5.02e-10 s                  ; Yes                        ; Yes                        ; 2.32 V                      ; 4.32e-06 V                  ; 2.35 V             ; -0.0124 V          ; 0.057 V                             ; 0.05 V                              ; 4.87e-10 s                 ; 5.02e-10 s                 ; Yes                       ; Yes                       ;
; count[21]     ; 2.5 V        ; 0 s                 ; 0 s                 ; 2.32 V                       ; 4.32e-06 V                   ; 2.35 V              ; -0.0124 V           ; 0.057 V                              ; 0.05 V                               ; 4.87e-10 s                  ; 5.02e-10 s                  ; Yes                        ; Yes                        ; 2.32 V                      ; 4.32e-06 V                  ; 2.35 V             ; -0.0124 V          ; 0.057 V                             ; 0.05 V                              ; 4.87e-10 s                 ; 5.02e-10 s                 ; Yes                       ; Yes                       ;
; count[22]     ; 2.5 V        ; 0 s                 ; 0 s                 ; 2.32 V                       ; 4.32e-06 V                   ; 2.35 V              ; -0.0124 V           ; 0.057 V                              ; 0.05 V                               ; 4.87e-10 s                  ; 5.02e-10 s                  ; Yes                        ; Yes                        ; 2.32 V                      ; 4.32e-06 V                  ; 2.35 V             ; -0.0124 V          ; 0.057 V                             ; 0.05 V                              ; 4.87e-10 s                 ; 5.02e-10 s                 ; Yes                       ; Yes                       ;
; count[23]     ; 2.5 V        ; 0 s                 ; 0 s                 ; 2.32 V                       ; 2.91e-06 V                   ; 2.34 V              ; -0.0096 V           ; 0.063 V                              ; 0.023 V                              ; 6.92e-10 s                  ; 6.75e-10 s                  ; Yes                        ; Yes                        ; 2.32 V                      ; 2.91e-06 V                  ; 2.34 V             ; -0.0096 V          ; 0.063 V                             ; 0.023 V                             ; 6.92e-10 s                 ; 6.75e-10 s                 ; Yes                       ; Yes                       ;
; count[24]     ; 2.5 V        ; 0 s                 ; 0 s                 ; 2.32 V                       ; 2.91e-06 V                   ; 2.34 V              ; -0.0096 V           ; 0.063 V                              ; 0.023 V                              ; 6.92e-10 s                  ; 6.75e-10 s                  ; Yes                        ; Yes                        ; 2.32 V                      ; 2.91e-06 V                  ; 2.34 V             ; -0.0096 V          ; 0.063 V                             ; 0.023 V                             ; 6.92e-10 s                 ; 6.75e-10 s                 ; Yes                       ; Yes                       ;
; count[25]     ; 2.5 V        ; 0 s                 ; 0 s                 ; 2.32 V                       ; 2.91e-06 V                   ; 2.35 V              ; -0.00923 V          ; 0.127 V                              ; 0.041 V                              ; 4.74e-10 s                  ; 4.81e-10 s                  ; Yes                        ; Yes                        ; 2.32 V                      ; 2.91e-06 V                  ; 2.35 V             ; -0.00923 V         ; 0.127 V                             ; 0.041 V                             ; 4.74e-10 s                 ; 4.81e-10 s                 ; Yes                       ; Yes                       ;
; count[26]     ; 2.5 V        ; 0 s                 ; 0 s                 ; 2.32 V                       ; 2.91e-06 V                   ; 2.34 V              ; -0.0096 V           ; 0.063 V                              ; 0.023 V                              ; 6.92e-10 s                  ; 6.75e-10 s                  ; Yes                        ; Yes                        ; 2.32 V                      ; 2.91e-06 V                  ; 2.34 V             ; -0.0096 V          ; 0.063 V                             ; 0.023 V                             ; 6.92e-10 s                 ; 6.75e-10 s                 ; Yes                       ; Yes                       ;
; count[27]     ; 2.5 V        ; 0 s                 ; 0 s                 ; 2.32 V                       ; 4.32e-06 V                   ; 2.35 V              ; -0.0124 V           ; 0.057 V                              ; 0.05 V                               ; 4.87e-10 s                  ; 5.02e-10 s                  ; Yes                        ; Yes                        ; 2.32 V                      ; 4.32e-06 V                  ; 2.35 V             ; -0.0124 V          ; 0.057 V                             ; 0.05 V                              ; 4.87e-10 s                 ; 5.02e-10 s                 ; Yes                       ; Yes                       ;
; count[28]     ; 2.5 V        ; 0 s                 ; 0 s                 ; 2.32 V                       ; 2.91e-06 V                   ; 2.34 V              ; -0.0096 V           ; 0.063 V                              ; 0.023 V                              ; 6.92e-10 s                  ; 6.75e-10 s                  ; Yes                        ; Yes                        ; 2.32 V                      ; 2.91e-06 V                  ; 2.34 V             ; -0.0096 V          ; 0.063 V                             ; 0.023 V                             ; 6.92e-10 s                 ; 6.75e-10 s                 ; Yes                       ; Yes                       ;
; count[29]     ; 2.5 V        ; 0 s                 ; 0 s                 ; 2.32 V                       ; 2.91e-06 V                   ; 2.34 V              ; -0.0096 V           ; 0.063 V                              ; 0.023 V                              ; 6.92e-10 s                  ; 6.75e-10 s                  ; Yes                        ; Yes                        ; 2.32 V                      ; 2.91e-06 V                  ; 2.34 V             ; -0.0096 V          ; 0.063 V                             ; 0.023 V                             ; 6.92e-10 s                 ; 6.75e-10 s                 ; Yes                       ; Yes                       ;
; count[30]     ; 2.5 V        ; 0 s                 ; 0 s                 ; 2.32 V                       ; 2.91e-06 V                   ; 2.35 V              ; -0.00923 V          ; 0.127 V                              ; 0.041 V                              ; 4.74e-10 s                  ; 4.81e-10 s                  ; Yes                        ; Yes                        ; 2.32 V                      ; 2.91e-06 V                  ; 2.35 V             ; -0.00923 V         ; 0.127 V                             ; 0.041 V                             ; 4.74e-10 s                 ; 4.81e-10 s                 ; Yes                       ; Yes                       ;
; count[31]     ; 2.5 V        ; 0 s                 ; 0 s                 ; 2.32 V                       ; 4.32e-06 V                   ; 2.35 V              ; -0.0124 V           ; 0.057 V                              ; 0.05 V                               ; 4.87e-10 s                  ; 5.02e-10 s                  ; Yes                        ; Yes                        ; 2.32 V                      ; 4.32e-06 V                  ; 2.35 V             ; -0.0124 V          ; 0.057 V                             ; 0.05 V                              ; 4.87e-10 s                 ; 5.02e-10 s                 ; Yes                       ; Yes                       ;
; ~ALTERA_DCLK~ ; 2.5 V        ; 0 s                 ; 0 s                 ; 2.32 V                       ; 2.33e-06 V                   ; 2.35 V              ; -0.00598 V          ; 0.095 V                              ; 0.012 V                              ; 4.54e-10 s                  ; 3.98e-10 s                  ; Yes                        ; Yes                        ; 2.32 V                      ; 2.33e-06 V                  ; 2.35 V             ; -0.00598 V         ; 0.095 V                             ; 0.012 V                             ; 4.54e-10 s                 ; 3.98e-10 s                 ; Yes                       ; Yes                       ;
; ~ALTERA_nCEO~ ; 2.5 V        ; 0 s                 ; 0 s                 ; 2.32 V                       ; 3.86e-06 V                   ; 2.34 V              ; -0.00776 V          ; 0.107 V                              ; 0.033 V                              ; 6.63e-10 s                  ; 8.55e-10 s                  ; Yes                        ; Yes                        ; 2.32 V                      ; 3.86e-06 V                  ; 2.34 V             ; -0.00776 V         ; 0.107 V                             ; 0.033 V                             ; 6.63e-10 s                 ; 8.55e-10 s                 ; Yes                       ; Yes                       ;
+---------------+--------------+---------------------+---------------------+------------------------------+------------------------------+---------------------+---------------------+--------------------------------------+--------------------------------------+-----------------------------+-----------------------------+----------------------------+----------------------------+-----------------------------+-----------------------------+--------------------+--------------------+-------------------------------------+-------------------------------------+----------------------------+----------------------------+---------------------------+---------------------------+


+--------------------------------------------------------------------------------------------------------------------------------------------------------------------------------------------------------------------------------------------------------------------------------------------------------------------------------------------------------------------------------------------------------------------------------------------------------------------------------------------------------------------------------------------------------------------------------------------------------------------------------------------------------------------------------------------+
; Signal Integrity Metrics (Fast 1200mv n40c Model)                                                                                                                                                                                                                                                                                                                                                                                                                                                                                                                                                                                                                                          ;
+---------------+--------------+---------------------+---------------------+------------------------------+------------------------------+---------------------+---------------------+--------------------------------------+--------------------------------------+-----------------------------+-----------------------------+----------------------------+----------------------------+-----------------------------+-----------------------------+--------------------+--------------------+-------------------------------------+-------------------------------------+----------------------------+----------------------------+---------------------------+---------------------------+
; Pin           ; I/O Standard ; Board Delay on Rise ; Board Delay on Fall ; Steady State Voh at FPGA Pin ; Steady State Vol at FPGA Pin ; Voh Max at FPGA Pin ; Vol Min at FPGA Pin ; Ringback Voltage on Rise at FPGA Pin ; Ringback Voltage on Fall at FPGA Pin ; 10-90 Rise Time at FPGA Pin ; 90-10 Fall Time at FPGA Pin ; Monotonic Rise at FPGA Pin ; Monotonic Fall at FPGA Pin ; Steady State Voh at Far-end ; Steady State Vol at Far-end ; Voh Max at Far-end ; Vol Min at Far-end ; Ringback Voltage on Rise at Far-end ; Ringback Voltage on Fall at Far-end ; 10-90 Rise Time at Far-end ; 90-10 Fall Time at Far-end ; Monotonic Rise at Far-end ; Monotonic Fall at Far-end ;
+---------------+--------------+---------------------+---------------------+------------------------------+------------------------------+---------------------+---------------------+--------------------------------------+--------------------------------------+-----------------------------+-----------------------------+----------------------------+----------------------------+-----------------------------+-----------------------------+--------------------+--------------------+-------------------------------------+-------------------------------------+----------------------------+----------------------------+---------------------------+---------------------------+
; count[0]      ; 2.5 V        ; 0 s                 ; 0 s                 ; 2.62 V                       ; 3.18e-09 V                   ; 2.74 V              ; -0.0527 V           ; 0.162 V                              ; 0.083 V                              ; 2.61e-10 s                  ; 2.44e-10 s                  ; Yes                        ; Yes                        ; 2.62 V                      ; 3.18e-09 V                  ; 2.74 V             ; -0.0527 V          ; 0.162 V                             ; 0.083 V                             ; 2.61e-10 s                 ; 2.44e-10 s                 ; Yes                       ; Yes                       ;
; count[1]      ; 2.5 V        ; 0 s                 ; 0 s                 ; 2.62 V                       ; 3.18e-09 V                   ; 2.74 V              ; -0.0527 V           ; 0.162 V                              ; 0.083 V                              ; 2.61e-10 s                  ; 2.44e-10 s                  ; Yes                        ; Yes                        ; 2.62 V                      ; 3.18e-09 V                  ; 2.74 V             ; -0.0527 V          ; 0.162 V                             ; 0.083 V                             ; 2.61e-10 s                 ; 2.44e-10 s                 ; Yes                       ; Yes                       ;
; count[2]      ; 2.5 V        ; 0 s                 ; 0 s                 ; 2.62 V                       ; 3.18e-09 V                   ; 2.74 V              ; -0.0527 V           ; 0.162 V                              ; 0.083 V                              ; 2.61e-10 s                  ; 2.44e-10 s                  ; Yes                        ; Yes                        ; 2.62 V                      ; 3.18e-09 V                  ; 2.74 V             ; -0.0527 V          ; 0.162 V                             ; 0.083 V                             ; 2.61e-10 s                 ; 2.44e-10 s                 ; Yes                       ; Yes                       ;
; count[3]      ; 2.5 V        ; 0 s                 ; 0 s                 ; 2.62 V                       ; 3.18e-09 V                   ; 2.74 V              ; -0.0527 V           ; 0.162 V                              ; 0.083 V                              ; 2.61e-10 s                  ; 2.44e-10 s                  ; Yes                        ; Yes                        ; 2.62 V                      ; 3.18e-09 V                  ; 2.74 V             ; -0.0527 V          ; 0.162 V                             ; 0.083 V                             ; 2.61e-10 s                 ; 2.44e-10 s                 ; Yes                       ; Yes                       ;
; count[4]      ; 2.5 V        ; 0 s                 ; 0 s                 ; 2.62 V                       ; 3.18e-09 V                   ; 2.74 V              ; -0.0527 V           ; 0.162 V                              ; 0.083 V                              ; 2.61e-10 s                  ; 2.44e-10 s                  ; Yes                        ; Yes                        ; 2.62 V                      ; 3.18e-09 V                  ; 2.74 V             ; -0.0527 V          ; 0.162 V                             ; 0.083 V                             ; 2.61e-10 s                 ; 2.44e-10 s                 ; Yes                       ; Yes                       ;
; count[5]      ; 2.5 V        ; 0 s                 ; 0 s                 ; 2.62 V                       ; 3.18e-09 V                   ; 2.74 V              ; -0.0527 V           ; 0.162 V                              ; 0.083 V                              ; 2.61e-10 s                  ; 2.44e-10 s                  ; Yes                        ; Yes                        ; 2.62 V                      ; 3.18e-09 V                  ; 2.74 V             ; -0.0527 V          ; 0.162 V                             ; 0.083 V                             ; 2.61e-10 s                 ; 2.44e-10 s                 ; Yes                       ; Yes                       ;
; count[6]      ; 2.5 V        ; 0 s                 ; 0 s                 ; 2.62 V                       ; 2.24e-09 V                   ; 2.74 V              ; -0.0529 V           ; 0.285 V                              ; 0.071 V                              ; 2.99e-10 s                  ; 3.3e-10 s                   ; No                         ; Yes                        ; 2.62 V                      ; 2.24e-09 V                  ; 2.74 V             ; -0.0529 V          ; 0.285 V                             ; 0.071 V                             ; 2.99e-10 s                 ; 3.3e-10 s                  ; No                        ; Yes                       ;
; count[7]      ; 2.5 V        ; 0 s                 ; 0 s                 ; 2.62 V                       ; 3.18e-09 V                   ; 2.65 V              ; -0.0147 V           ; 0.207 V                              ; 0.176 V                              ; 2.16e-09 s                  ; 2.03e-09 s                  ; No                         ; Yes                        ; 2.62 V                      ; 3.18e-09 V                  ; 2.65 V             ; -0.0147 V          ; 0.207 V                             ; 0.176 V                             ; 2.16e-09 s                 ; 2.03e-09 s                 ; No                        ; Yes                       ;
; count[8]      ; 2.5 V        ; 0 s                 ; 0 s                 ; 2.62 V                       ; 3.18e-09 V                   ; 2.74 V              ; -0.0527 V           ; 0.162 V                              ; 0.083 V                              ; 2.61e-10 s                  ; 2.44e-10 s                  ; Yes                        ; Yes                        ; 2.62 V                      ; 3.18e-09 V                  ; 2.74 V             ; -0.0527 V          ; 0.162 V                             ; 0.083 V                             ; 2.61e-10 s                 ; 2.44e-10 s                 ; Yes                       ; Yes                       ;
; count[9]      ; 2.5 V        ; 0 s                 ; 0 s                 ; 2.62 V                       ; 3.18e-09 V                   ; 2.65 V              ; -0.0147 V           ; 0.207 V                              ; 0.176 V                              ; 2.16e-09 s                  ; 2.03e-09 s                  ; No                         ; Yes                        ; 2.62 V                      ; 3.18e-09 V                  ; 2.65 V             ; -0.0147 V          ; 0.207 V                             ; 0.176 V                             ; 2.16e-09 s                 ; 2.03e-09 s                 ; No                        ; Yes                       ;
; count[10]     ; 2.5 V        ; 0 s                 ; 0 s                 ; 2.62 V                       ; 2.24e-09 V                   ; 2.76 V              ; -0.0537 V           ; 0.17 V                               ; 0.079 V                              ; 2.61e-10 s                  ; 2.39e-10 s                  ; No                         ; Yes                        ; 2.62 V                      ; 2.24e-09 V                  ; 2.76 V             ; -0.0537 V          ; 0.17 V                              ; 0.079 V                             ; 2.61e-10 s                 ; 2.39e-10 s                 ; No                        ; Yes                       ;
; count[11]     ; 2.5 V        ; 0 s                 ; 0 s                 ; 2.62 V                       ; 3.18e-09 V                   ; 2.74 V              ; -0.0527 V           ; 0.162 V                              ; 0.083 V                              ; 2.61e-10 s                  ; 2.44e-10 s                  ; Yes                        ; Yes                        ; 2.62 V                      ; 3.18e-09 V                  ; 2.74 V             ; -0.0527 V          ; 0.162 V                             ; 0.083 V                             ; 2.61e-10 s                 ; 2.44e-10 s                 ; Yes                       ; Yes                       ;
; count[12]     ; 2.5 V        ; 0 s                 ; 0 s                 ; 2.62 V                       ; 3.18e-09 V                   ; 2.74 V              ; -0.0527 V           ; 0.162 V                              ; 0.083 V                              ; 2.61e-10 s                  ; 2.44e-10 s                  ; Yes                        ; Yes                        ; 2.62 V                      ; 3.18e-09 V                  ; 2.74 V             ; -0.0527 V          ; 0.162 V                             ; 0.083 V                             ; 2.61e-10 s                 ; 2.44e-10 s                 ; Yes                       ; Yes                       ;
; count[13]     ; 2.5 V        ; 0 s                 ; 0 s                 ; 2.62 V                       ; 2.24e-09 V                   ; 2.65 V              ; -0.0149 V           ; 0.207 V                              ; 0.176 V                              ; 2.15e-09 s                  ; 2.03e-09 s                  ; No                         ; Yes                        ; 2.62 V                      ; 2.24e-09 V                  ; 2.65 V             ; -0.0149 V          ; 0.207 V                             ; 0.176 V                             ; 2.15e-09 s                 ; 2.03e-09 s                 ; No                        ; Yes                       ;
; count[14]     ; 2.5 V        ; 0 s                 ; 0 s                 ; 2.62 V                       ; 2.24e-09 V                   ; 2.74 V              ; -0.0529 V           ; 0.285 V                              ; 0.071 V                              ; 2.99e-10 s                  ; 3.3e-10 s                   ; No                         ; Yes                        ; 2.62 V                      ; 2.24e-09 V                  ; 2.74 V             ; -0.0529 V          ; 0.285 V                             ; 0.071 V                             ; 2.99e-10 s                 ; 3.3e-10 s                  ; No                        ; Yes                       ;
; count[15]     ; 2.5 V        ; 0 s                 ; 0 s                 ; 2.62 V                       ; 3.18e-09 V                   ; 2.74 V              ; -0.0527 V           ; 0.162 V                              ; 0.083 V                              ; 2.61e-10 s                  ; 2.44e-10 s                  ; Yes                        ; Yes                        ; 2.62 V                      ; 3.18e-09 V                  ; 2.74 V             ; -0.0527 V          ; 0.162 V                             ; 0.083 V                             ; 2.61e-10 s                 ; 2.44e-10 s                 ; Yes                       ; Yes                       ;
; count[16]     ; 2.5 V        ; 0 s                 ; 0 s                 ; 2.62 V                       ; 2.24e-09 V                   ; 2.74 V              ; -0.0529 V           ; 0.285 V                              ; 0.071 V                              ; 2.99e-10 s                  ; 3.3e-10 s                   ; No                         ; Yes                        ; 2.62 V                      ; 2.24e-09 V                  ; 2.74 V             ; -0.0529 V          ; 0.285 V                             ; 0.071 V                             ; 2.99e-10 s                 ; 3.3e-10 s                  ; No                        ; Yes                       ;
; count[17]     ; 2.5 V        ; 0 s                 ; 0 s                 ; 2.62 V                       ; 3.18e-09 V                   ; 2.74 V              ; -0.0527 V           ; 0.162 V                              ; 0.083 V                              ; 2.61e-10 s                  ; 2.44e-10 s                  ; Yes                        ; Yes                        ; 2.62 V                      ; 3.18e-09 V                  ; 2.74 V             ; -0.0527 V          ; 0.162 V                             ; 0.083 V                             ; 2.61e-10 s                 ; 2.44e-10 s                 ; Yes                       ; Yes                       ;
; count[18]     ; 2.5 V        ; 0 s                 ; 0 s                 ; 2.62 V                       ; 3.18e-09 V                   ; 2.74 V              ; -0.0527 V           ; 0.162 V                              ; 0.083 V                              ; 2.61e-10 s                  ; 2.44e-10 s                  ; Yes                        ; Yes                        ; 2.62 V                      ; 3.18e-09 V                  ; 2.74 V             ; -0.0527 V          ; 0.162 V                             ; 0.083 V                             ; 2.61e-10 s                 ; 2.44e-10 s                 ; Yes                       ; Yes                       ;
; count[19]     ; 2.5 V        ; 0 s                 ; 0 s                 ; 2.62 V                       ; 3.18e-09 V                   ; 2.74 V              ; -0.0527 V           ; 0.162 V                              ; 0.083 V                              ; 2.61e-10 s                  ; 2.44e-10 s                  ; Yes                        ; Yes                        ; 2.62 V                      ; 3.18e-09 V                  ; 2.74 V             ; -0.0527 V          ; 0.162 V                             ; 0.083 V                             ; 2.61e-10 s                 ; 2.44e-10 s                 ; Yes                       ; Yes                       ;
; count[20]     ; 2.5 V        ; 0 s                 ; 0 s                 ; 2.62 V                       ; 3.18e-09 V                   ; 2.74 V              ; -0.0527 V           ; 0.162 V                              ; 0.083 V                              ; 2.61e-10 s                  ; 2.44e-10 s                  ; Yes                        ; Yes                        ; 2.62 V                      ; 3.18e-09 V                  ; 2.74 V             ; -0.0527 V          ; 0.162 V                             ; 0.083 V                             ; 2.61e-10 s                 ; 2.44e-10 s                 ; Yes                       ; Yes                       ;
; count[21]     ; 2.5 V        ; 0 s                 ; 0 s                 ; 2.62 V                       ; 3.18e-09 V                   ; 2.74 V              ; -0.0527 V           ; 0.162 V                              ; 0.083 V                              ; 2.61e-10 s                  ; 2.44e-10 s                  ; Yes                        ; Yes                        ; 2.62 V                      ; 3.18e-09 V                  ; 2.74 V             ; -0.0527 V          ; 0.162 V                             ; 0.083 V                             ; 2.61e-10 s                 ; 2.44e-10 s                 ; Yes                       ; Yes                       ;
; count[22]     ; 2.5 V        ; 0 s                 ; 0 s                 ; 2.62 V                       ; 3.18e-09 V                   ; 2.74 V              ; -0.0527 V           ; 0.162 V                              ; 0.083 V                              ; 2.61e-10 s                  ; 2.44e-10 s                  ; Yes                        ; Yes                        ; 2.62 V                      ; 3.18e-09 V                  ; 2.74 V             ; -0.0527 V          ; 0.162 V                             ; 0.083 V                             ; 2.61e-10 s                 ; 2.44e-10 s                 ; Yes                       ; Yes                       ;
; count[23]     ; 2.5 V        ; 0 s                 ; 0 s                 ; 2.62 V                       ; 2.24e-09 V                   ; 2.74 V              ; -0.0529 V           ; 0.285 V                              ; 0.071 V                              ; 2.99e-10 s                  ; 3.3e-10 s                   ; No                         ; Yes                        ; 2.62 V                      ; 2.24e-09 V                  ; 2.74 V             ; -0.0529 V          ; 0.285 V                             ; 0.071 V                             ; 2.99e-10 s                 ; 3.3e-10 s                  ; No                        ; Yes                       ;
; count[24]     ; 2.5 V        ; 0 s                 ; 0 s                 ; 2.62 V                       ; 2.24e-09 V                   ; 2.74 V              ; -0.0529 V           ; 0.285 V                              ; 0.071 V                              ; 2.99e-10 s                  ; 3.3e-10 s                   ; No                         ; Yes                        ; 2.62 V                      ; 2.24e-09 V                  ; 2.74 V             ; -0.0529 V          ; 0.285 V                             ; 0.071 V                             ; 2.99e-10 s                 ; 3.3e-10 s                  ; No                        ; Yes                       ;
; count[25]     ; 2.5 V        ; 0 s                 ; 0 s                 ; 2.62 V                       ; 2.24e-09 V                   ; 2.76 V              ; -0.0537 V           ; 0.17 V                               ; 0.079 V                              ; 2.61e-10 s                  ; 2.39e-10 s                  ; No                         ; Yes                        ; 2.62 V                      ; 2.24e-09 V                  ; 2.76 V             ; -0.0537 V          ; 0.17 V                              ; 0.079 V                             ; 2.61e-10 s                 ; 2.39e-10 s                 ; No                        ; Yes                       ;
; count[26]     ; 2.5 V        ; 0 s                 ; 0 s                 ; 2.62 V                       ; 2.24e-09 V                   ; 2.74 V              ; -0.0529 V           ; 0.285 V                              ; 0.071 V                              ; 2.99e-10 s                  ; 3.3e-10 s                   ; No                         ; Yes                        ; 2.62 V                      ; 2.24e-09 V                  ; 2.74 V             ; -0.0529 V          ; 0.285 V                             ; 0.071 V                             ; 2.99e-10 s                 ; 3.3e-10 s                  ; No                        ; Yes                       ;
; count[27]     ; 2.5 V        ; 0 s                 ; 0 s                 ; 2.62 V                       ; 3.18e-09 V                   ; 2.74 V              ; -0.0527 V           ; 0.162 V                              ; 0.083 V                              ; 2.61e-10 s                  ; 2.44e-10 s                  ; Yes                        ; Yes                        ; 2.62 V                      ; 3.18e-09 V                  ; 2.74 V             ; -0.0527 V          ; 0.162 V                             ; 0.083 V                             ; 2.61e-10 s                 ; 2.44e-10 s                 ; Yes                       ; Yes                       ;
; count[28]     ; 2.5 V        ; 0 s                 ; 0 s                 ; 2.62 V                       ; 2.24e-09 V                   ; 2.74 V              ; -0.0529 V           ; 0.285 V                              ; 0.071 V                              ; 2.99e-10 s                  ; 3.3e-10 s                   ; No                         ; Yes                        ; 2.62 V                      ; 2.24e-09 V                  ; 2.74 V             ; -0.0529 V          ; 0.285 V                             ; 0.071 V                             ; 2.99e-10 s                 ; 3.3e-10 s                  ; No                        ; Yes                       ;
; count[29]     ; 2.5 V        ; 0 s                 ; 0 s                 ; 2.62 V                       ; 2.24e-09 V                   ; 2.74 V              ; -0.0529 V           ; 0.285 V                              ; 0.071 V                              ; 2.99e-10 s                  ; 3.3e-10 s                   ; No                         ; Yes                        ; 2.62 V                      ; 2.24e-09 V                  ; 2.74 V             ; -0.0529 V          ; 0.285 V                             ; 0.071 V                             ; 2.99e-10 s                 ; 3.3e-10 s                  ; No                        ; Yes                       ;
; count[30]     ; 2.5 V        ; 0 s                 ; 0 s                 ; 2.62 V                       ; 2.24e-09 V                   ; 2.76 V              ; -0.0537 V           ; 0.17 V                               ; 0.079 V                              ; 2.61e-10 s                  ; 2.39e-10 s                  ; No                         ; Yes                        ; 2.62 V                      ; 2.24e-09 V                  ; 2.76 V             ; -0.0537 V          ; 0.17 V                              ; 0.079 V                             ; 2.61e-10 s                 ; 2.39e-10 s                 ; No                        ; Yes                       ;
; count[31]     ; 2.5 V        ; 0 s                 ; 0 s                 ; 2.62 V                       ; 3.18e-09 V                   ; 2.74 V              ; -0.0527 V           ; 0.162 V                              ; 0.083 V                              ; 2.61e-10 s                  ; 2.44e-10 s                  ; Yes                        ; Yes                        ; 2.62 V                      ; 3.18e-09 V                  ; 2.74 V             ; -0.0527 V          ; 0.162 V                             ; 0.083 V                             ; 2.61e-10 s                 ; 2.44e-10 s                 ; Yes                       ; Yes                       ;
; ~ALTERA_DCLK~ ; 2.5 V        ; 0 s                 ; 0 s                 ; 2.62 V                       ; 1.87e-09 V                   ; 2.79 V              ; -0.0524 V           ; 0.19 V                               ; 0.066 V                              ; 2.63e-10 s                  ; 1.96e-10 s                  ; No                         ; Yes                        ; 2.62 V                      ; 1.87e-09 V                  ; 2.79 V             ; -0.0524 V          ; 0.19 V                              ; 0.066 V                             ; 2.63e-10 s                 ; 1.96e-10 s                 ; No                        ; Yes                       ;
; ~ALTERA_nCEO~ ; 2.5 V        ; 0 s                 ; 0 s                 ; 2.62 V                       ; 2.91e-09 V                   ; 2.73 V              ; -0.0159 V           ; 0.231 V                              ; 0.026 V                              ; 2.89e-10 s                  ; 4.54e-10 s                  ; Yes                        ; Yes                        ; 2.62 V                      ; 2.91e-09 V                  ; 2.73 V             ; -0.0159 V          ; 0.231 V                             ; 0.026 V                             ; 2.89e-10 s                 ; 4.54e-10 s                 ; Yes                       ; Yes                       ;
+---------------+--------------+---------------------+---------------------+------------------------------+------------------------------+---------------------+---------------------+--------------------------------------+--------------------------------------+-----------------------------+-----------------------------+----------------------------+----------------------------+-----------------------------+-----------------------------+--------------------+--------------------+-------------------------------------+-------------------------------------+----------------------------+----------------------------+---------------------------+---------------------------+


+-------------------------------------------------------------------+
; Setup Transfers                                                   ;
+------------+----------+----------+----------+----------+----------+
; From Clock ; To Clock ; RR Paths ; FR Paths ; RF Paths ; FF Paths ;
+------------+----------+----------+----------+----------+----------+
; clk        ; clk      ; 1091     ; 0        ; 0        ; 0        ;
+------------+----------+----------+----------+----------+----------+
Entries labeled "false path" only account for clock-to-clock false paths and not path-based false paths. As a result, actual path counts may be lower than reported.


+-------------------------------------------------------------------+
; Hold Transfers                                                    ;
+------------+----------+----------+----------+----------+----------+
; From Clock ; To Clock ; RR Paths ; FR Paths ; RF Paths ; FF Paths ;
+------------+----------+----------+----------+----------+----------+
; clk        ; clk      ; 1091     ; 0        ; 0        ; 0        ;
+------------+----------+----------+----------+----------+----------+
Entries labeled "false path" only account for clock-to-clock false paths and not path-based false paths. As a result, actual path counts may be lower than reported.


---------------
; Report TCCS ;
---------------
No dedicated SERDES Transmitter circuitry present in device or used in design


---------------
; Report RSKM ;
---------------
No non-DPA dedicated SERDES Receiver circuitry present in device or used in design


+------------------------------------------------+
; Unconstrained Paths Summary                    ;
+---------------------------------+-------+------+
; Property                        ; Setup ; Hold ;
+---------------------------------+-------+------+
; Illegal Clocks                  ; 0     ; 0    ;
; Unconstrained Clocks            ; 0     ; 0    ;
; Unconstrained Input Ports       ; 3     ; 3    ;
; Unconstrained Input Port Paths  ; 35    ; 35   ;
; Unconstrained Output Ports      ; 32    ; 32   ;
; Unconstrained Output Port Paths ; 32    ; 32   ;
+---------------------------------+-------+------+


+-------------------------------------+
; Clock Status Summary                ;
+--------+-------+------+-------------+
; Target ; Clock ; Type ; Status      ;
+--------+-------+------+-------------+
; clk    ; clk   ; Base ; Constrained ;
+--------+-------+------+-------------+


+---------------------------------------------------------------------------------------------------+
; Unconstrained Input Ports                                                                         ;
+------------+--------------------------------------------------------------------------------------+
; Input Port ; Comment                                                                              ;
+------------+--------------------------------------------------------------------------------------+
; a          ; No input delay, min/max delays, false-path exceptions, or max skew assignments found ;
; b          ; No input delay, min/max delays, false-path exceptions, or max skew assignments found ;
; reset      ; No input delay, min/max delays, false-path exceptions, or max skew assignments found ;
+------------+--------------------------------------------------------------------------------------+


+-----------------------------------------------------------------------------------------------------+
; Unconstrained Output Ports                                                                          ;
+-------------+---------------------------------------------------------------------------------------+
; Output Port ; Comment                                                                               ;
+-------------+---------------------------------------------------------------------------------------+
; count[0]    ; No output delay, min/max delays, false-path exceptions, or max skew assignments found ;
; count[1]    ; No output delay, min/max delays, false-path exceptions, or max skew assignments found ;
; count[2]    ; No output delay, min/max delays, false-path exceptions, or max skew assignments found ;
; count[3]    ; No output delay, min/max delays, false-path exceptions, or max skew assignments found ;
; count[4]    ; No output delay, min/max delays, false-path exceptions, or max skew assignments found ;
; count[5]    ; No output delay, min/max delays, false-path exceptions, or max skew assignments found ;
; count[6]    ; No output delay, min/max delays, false-path exceptions, or max skew assignments found ;
; count[7]    ; No output delay, min/max delays, false-path exceptions, or max skew assignments found ;
; count[8]    ; No output delay, min/max delays, false-path exceptions, or max skew assignments found ;
; count[9]    ; No output delay, min/max delays, false-path exceptions, or max skew assignments found ;
; count[10]   ; No output delay, min/max delays, false-path exceptions, or max skew assignments found ;
; count[11]   ; No output delay, min/max delays, false-path exceptions, or max skew assignments found ;
; count[12]   ; No output delay, min/max delays, false-path exceptions, or max skew assignments found ;
; count[13]   ; No output delay, min/max delays, false-path exceptions, or max skew assignments found ;
; count[14]   ; No output delay, min/max delays, false-path exceptions, or max skew assignments found ;
; count[15]   ; No output delay, min/max delays, false-path exceptions, or max skew assignments found ;
; count[16]   ; No output delay, min/max delays, false-path exceptions, or max skew assignments found ;
; count[17]   ; No output delay, min/max delays, false-path exceptions, or max skew assignments found ;
; count[18]   ; No output delay, min/max delays, false-path exceptions, or max skew assignments found ;
; count[19]   ; No output delay, min/max delays, false-path exceptions, or max skew assignments found ;
; count[20]   ; No output delay, min/max delays, false-path exceptions, or max skew assignments found ;
; count[21]   ; No output delay, min/max delays, false-path exceptions, or max skew assignments found ;
; count[22]   ; No output delay, min/max delays, false-path exceptions, or max skew assignments found ;
; count[23]   ; No output delay, min/max delays, false-path exceptions, or max skew assignments found ;
; count[24]   ; No output delay, min/max delays, false-path exceptions, or max skew assignments found ;
; count[25]   ; No output delay, min/max delays, false-path exceptions, or max skew assignments found ;
; count[26]   ; No output delay, min/max delays, false-path exceptions, or max skew assignments found ;
; count[27]   ; No output delay, min/max delays, false-path exceptions, or max skew assignments found ;
; count[28]   ; No output delay, min/max delays, false-path exceptions, or max skew assignments found ;
; count[29]   ; No output delay, min/max delays, false-path exceptions, or max skew assignments found ;
; count[30]   ; No output delay, min/max delays, false-path exceptions, or max skew assignments found ;
; count[31]   ; No output delay, min/max delays, false-path exceptions, or max skew assignments found ;
+-------------+---------------------------------------------------------------------------------------+


+---------------------------------------------------------------------------------------------------+
; Unconstrained Input Ports                                                                         ;
+------------+--------------------------------------------------------------------------------------+
; Input Port ; Comment                                                                              ;
+------------+--------------------------------------------------------------------------------------+
; a          ; No input delay, min/max delays, false-path exceptions, or max skew assignments found ;
; b          ; No input delay, min/max delays, false-path exceptions, or max skew assignments found ;
; reset      ; No input delay, min/max delays, false-path exceptions, or max skew assignments found ;
+------------+--------------------------------------------------------------------------------------+


+-----------------------------------------------------------------------------------------------------+
; Unconstrained Output Ports                                                                          ;
+-------------+---------------------------------------------------------------------------------------+
; Output Port ; Comment                                                                               ;
+-------------+---------------------------------------------------------------------------------------+
; count[0]    ; No output delay, min/max delays, false-path exceptions, or max skew assignments found ;
; count[1]    ; No output delay, min/max delays, false-path exceptions, or max skew assignments found ;
; count[2]    ; No output delay, min/max delays, false-path exceptions, or max skew assignments found ;
; count[3]    ; No output delay, min/max delays, false-path exceptions, or max skew assignments found ;
; count[4]    ; No output delay, min/max delays, false-path exceptions, or max skew assignments found ;
; count[5]    ; No output delay, min/max delays, false-path exceptions, or max skew assignments found ;
; count[6]    ; No output delay, min/max delays, false-path exceptions, or max skew assignments found ;
; count[7]    ; No output delay, min/max delays, false-path exceptions, or max skew assignments found ;
; count[8]    ; No output delay, min/max delays, false-path exceptions, or max skew assignments found ;
; count[9]    ; No output delay, min/max delays, false-path exceptions, or max skew assignments found ;
; count[10]   ; No output delay, min/max delays, false-path exceptions, or max skew assignments found ;
; count[11]   ; No output delay, min/max delays, false-path exceptions, or max skew assignments found ;
; count[12]   ; No output delay, min/max delays, false-path exceptions, or max skew assignments found ;
; count[13]   ; No output delay, min/max delays, false-path exceptions, or max skew assignments found ;
; count[14]   ; No output delay, min/max delays, false-path exceptions, or max skew assignments found ;
; count[15]   ; No output delay, min/max delays, false-path exceptions, or max skew assignments found ;
; count[16]   ; No output delay, min/max delays, false-path exceptions, or max skew assignments found ;
; count[17]   ; No output delay, min/max delays, false-path exceptions, or max skew assignments found ;
; count[18]   ; No output delay, min/max delays, false-path exceptions, or max skew assignments found ;
; count[19]   ; No output delay, min/max delays, false-path exceptions, or max skew assignments found ;
; count[20]   ; No output delay, min/max delays, false-path exceptions, or max skew assignments found ;
; count[21]   ; No output delay, min/max delays, false-path exceptions, or max skew assignments found ;
; count[22]   ; No output delay, min/max delays, false-path exceptions, or max skew assignments found ;
; count[23]   ; No output delay, min/max delays, false-path exceptions, or max skew assignments found ;
; count[24]   ; No output delay, min/max delays, false-path exceptions, or max skew assignments found ;
; count[25]   ; No output delay, min/max delays, false-path exceptions, or max skew assignments found ;
; count[26]   ; No output delay, min/max delays, false-path exceptions, or max skew assignments found ;
; count[27]   ; No output delay, min/max delays, false-path exceptions, or max skew assignments found ;
; count[28]   ; No output delay, min/max delays, false-path exceptions, or max skew assignments found ;
; count[29]   ; No output delay, min/max delays, false-path exceptions, or max skew assignments found ;
; count[30]   ; No output delay, min/max delays, false-path exceptions, or max skew assignments found ;
; count[31]   ; No output delay, min/max delays, false-path exceptions, or max skew assignments found ;
+-------------+---------------------------------------------------------------------------------------+


+--------------------------+
; Timing Analyzer Messages ;
+--------------------------+
Info: *******************************************************************
Info: Running Quartus Prime Timing Analyzer
    Info: Version 20.1.1 Build 720 11/11/2020 SJ Lite Edition
    Info: Processing started: Sat Jan 10 14:52:26 2026
Info: Command: quartus_sta mbMotionController -c mbMotionController
Info: qsta_default_script.tcl version: #1
Warning (18236): Number of processors has not been specified which may cause overloading on shared machines.  Set the global assignment NUM_PARALLEL_PROCESSORS in your QSF to an appropriate value for best performance.
Info (20030): Parallel compilation is enabled and will use 6 of the 6 processors detected
Info (21077): Low junction temperature is -40 degrees C
Info (21077): High junction temperature is 125 degrees C
Critical Warning (332012): Synopsys Design Constraints File file not found: 'mbMotionController.sdc'. A Synopsys Design Constraints File is required by the Timing Analyzer to get proper timing constraints. Without it, the Compiler will not properly optimize the design.
Info (332142): No user constrained base clocks found in the design. Calling "derive_clocks -period 1.0"
Info (332105): Deriving Clocks
    Info (332105): create_clock -period 1.000 -name clk clk
Info (332143): No user constrained clock uncertainty found in the design. Calling "derive_clock_uncertainty"
Info (332123): Deriving Clock Uncertainty. Please refer to report_sdc in the Timing Analyzer to see clock uncertainties.
Info: Found TIMING_ANALYZER_REPORT_SCRIPT_INCLUDE_DEFAULT_ANALYSIS = ON
Info: Analyzing Slow 1200mV 125C Model
Critical Warning (332148): Timing requirements not met
    Info (11105): For recommendations on closing timing, run Report Timing Closure Recommendations in the Timing Analyzer.
Info (332146): Worst-case setup slack is -2.692
    Info (332119):     Slack       End Point TNS Clock 
    Info (332119): ========= =================== =====================
    Info (332119):    -2.692             -59.762 clk 
Info (332146): Worst-case hold slack is 0.446
    Info (332119):     Slack       End Point TNS Clock 
    Info (332119): ========= =================== =====================
    Info (332119):     0.446               0.000 clk 
Info (332140): No Recovery paths to report
Info (332140): No Removal paths to report
Info (332146): Worst-case minimum pulse width slack is -3.000
    Info (332119):     Slack       End Point TNS Clock 
    Info (332119): ========= =================== =====================
    Info (332119):    -3.000             -58.019 clk 
Info (332114): Report Metastability: Found 2 synchronizer chains.
    Info (332114): Design MTBF is not calculated because the design doesn't meet its timing requirements.
Info: Analyzing Slow 1200mV -40C Model
Info (334003): Started post-fitting delay annotation
Info (334004): Delay annotation completed successfully
Info (332123): Deriving Clock Uncertainty. Please refer to report_sdc in the Timing Analyzer to see clock uncertainties.
Critical Warning (332148): Timing requirements not met
    Info (11105): For recommendations on closing timing, run Report Timing Closure Recommendations in the Timing Analyzer.
Info (332146): Worst-case setup slack is -1.930
    Info (332119):     Slack       End Point TNS Clock 
    Info (332119): ========= =================== =====================
    Info (332119):    -1.930             -42.515 clk 
Info (332146): Worst-case hold slack is 0.397
    Info (332119):     Slack       End Point TNS Clock 
    Info (332119): ========= =================== =====================
    Info (332119):     0.397               0.000 clk 
Info (332140): No Recovery paths to report
Info (332140): No Removal paths to report
Info (332146): Worst-case minimum pulse width slack is -3.000
    Info (332119):     Slack       End Point TNS Clock 
    Info (332119): ========= =================== =====================
    Info (332119):    -3.000             -50.545 clk 
Info (332114): Report Metastability: Found 2 synchronizer chains.
    Info (332114): Design MTBF is not calculated because the design doesn't meet its timing requirements.
Info: Analyzing Fast 1200mV -40C Model
Info (332123): Deriving Clock Uncertainty. Please refer to report_sdc in the Timing Analyzer to see clock uncertainties.
Critical Warning (332148): Timing requirements not met
    Info (11105): For recommendations on closing timing, run Report Timing Closure Recommendations in the Timing Analyzer.
Info (332146): Worst-case setup slack is -0.686
    Info (332119):     Slack       End Point TNS Clock 
    Info (332119): ========= =================== =====================
    Info (332119):    -0.686              -9.948 clk 
Info (332146): Worst-case hold slack is 0.185
    Info (332119):     Slack       End Point TNS Clock 
    Info (332119): ========= =================== =====================
    Info (332119):     0.185               0.000 clk 
Info (332140): No Recovery paths to report
Info (332140): No Removal paths to report
Info (332146): Worst-case minimum pulse width slack is -3.000
    Info (332119):     Slack       End Point TNS Clock 
    Info (332119): ========= =================== =====================
    Info (332119):    -3.000             -42.677 clk 
Info (332114): Report Metastability: Found 2 synchronizer chains.
    Info (332114): Design MTBF is not calculated because the design doesn't meet its timing requirements.
Info (332102): Design is not fully constrained for setup requirements
Info (332102): Design is not fully constrained for hold requirements
Info: Quartus Prime Timing Analyzer was successful. 0 errors, 5 warnings
    Info: Peak virtual memory: 4781 megabytes
    Info: Processing ended: Sat Jan 10 14:52:27 2026
    Info: Elapsed time: 00:00:01
    Info: Total CPU time (on all processors): 00:00:02


